-- phpMyAdmin SQL Dump
-- version 5.2.1
-- https://www.phpmyadmin.net/
--
-- Host: 127.0.0.1
-- Generation Time: Nov 07, 2025 at 11:30 PM
-- Server version: 10.4.28-MariaDB
-- PHP Version: 8.2.4

SET SQL_MODE = "NO_AUTO_VALUE_ON_ZERO";
START TRANSACTION;
SET time_zone = "+00:00";


/*!40101 SET @OLD_CHARACTER_SET_CLIENT=@@CHARACTER_SET_CLIENT */;
/*!40101 SET @OLD_CHARACTER_SET_RESULTS=@@CHARACTER_SET_RESULTS */;
/*!40101 SET @OLD_COLLATION_CONNECTION=@@COLLATION_CONNECTION */;
/*!40101 SET NAMES utf8mb4 */;

--
-- Database: `pos-ms`
--

-- --------------------------------------------------------

--
-- Table structure for table `accounting_closing`
--

CREATE TABLE `accounting_closing` (
  `id` int(11) NOT NULL,
  `account_from` int(11) NOT NULL,
  `account_to` int(11) NOT NULL,
  `account_id` int(11) NOT NULL,
  `status` tinyint(4) NOT NULL DEFAULT 1,
  `created_at` timestamp NOT NULL DEFAULT current_timestamp() ON UPDATE current_timestamp(),
  `updated_at` timestamp NOT NULL DEFAULT '0000-00-00 00:00:00'
) ENGINE=MyISAM DEFAULT CHARSET=utf8mb4 COLLATE=utf8mb4_general_ci;

--
-- Dumping data for table `accounting_closing`
--

INSERT INTO `accounting_closing` (`id`, `account_from`, `account_to`, `account_id`, `status`, `created_at`, `updated_at`) VALUES
(1, 58, 51, 58, 1, '2024-01-11 22:34:52', '2024-01-11 22:34:52'),
(2, 51, 59, 59, 1, '2024-01-11 23:20:13', '2024-01-11 23:20:13'),
(3, 51, 73, 73, 0, '2024-01-12 00:02:25', '2024-01-12 00:02:25'),
(8, 51, 67, 67, 1, '2024-01-20 19:23:06', '2024-01-20 19:23:06');

-- --------------------------------------------------------

--
-- Table structure for table `accounts_trees`
--

CREATE TABLE `accounts_trees` (
  `id` bigint(20) UNSIGNED NOT NULL,
  `name` varchar(255) NOT NULL,
  `code` varchar(255) NOT NULL,
  `type` int(11) NOT NULL,
  `parent_id` int(11) NOT NULL,
  `parent_code` varchar(255) NOT NULL,
  `level` int(11) NOT NULL,
  `list` int(11) NOT NULL,
  `department` int(11) NOT NULL,
  `side` int(11) NOT NULL,
  `created_at` timestamp NULL DEFAULT NULL,
  `updated_at` timestamp NULL DEFAULT NULL
) ENGINE=MyISAM DEFAULT CHARSET=utf8mb4 COLLATE=utf8mb4_unicode_ci;

--
-- Dumping data for table `accounts_trees`
--

INSERT INTO `accounts_trees` (`id`, `name`, `code`, `type`, `parent_id`, `parent_code`, `level`, `list`, `department`, `side`, `created_at`, `updated_at`) VALUES
(1, 'الأصول', '1', 1, 0, '', 1, 1, 1, 1, '2023-07-27 18:27:42', '2023-07-27 18:27:42'),
(2, 'الاصول المتداولة', '11', 2, 1, '1', 2, 1, 1, 1, '2023-07-27 18:30:10', '2023-07-27 18:30:10'),
(3, 'نقدية بالصناديق', '1101', 2, 2, '11', 3, 1, 1, 1, '2023-07-27 18:34:02', '2023-07-27 18:34:02'),
(4, 'نقدية بالبنوك', '1102', 2, 2, '11', 3, 1, 1, 1, '2023-07-27 18:35:11', '2023-07-27 18:35:11'),
(5, 'صندوق الفرع الرئيسي', '110101', 2, 3, '1101', 4, 1, 1, 1, '2023-07-27 18:36:05', '2024-04-22 17:57:59'),
(6, 'البنك الفرع الرئيسي', '110201', 2, 4, '1102', 4, 1, 1, 1, '2023-07-27 18:36:43', '2024-04-22 17:58:53'),
(7, 'العملاء', '1107', 3, 2, '11', 3, 1, 1, 1, '2023-07-27 18:39:40', '2023-07-27 18:39:40'),
(8, 'المخزون', '1108', 3, 2, '11', 3, 1, 1, 1, '2023-07-27 18:41:18', '2023-07-27 18:41:18'),
(9, 'المخزون الفرع الرئيسي', '110801', 2, 8, '1108', 4, 1, 1, 1, '2023-07-27 18:42:42', '2024-04-22 17:57:03'),
(10, 'المدينون', '1111', 3, 2, '11', 3, 1, 1, 1, '2023-07-27 18:43:58', '2023-07-27 18:43:58'),
(11, 'الارصدة المدينة الاخري', '1112', 3, 2, '11', 3, 1, 1, 1, '2023-07-27 18:45:05', '2023-07-27 18:45:05'),
(12, 'المصروفات المدفوعة مقدما', '111201', 3, 11, '1112', 4, 1, 1, 1, '2023-07-27 18:46:36', '2023-07-27 18:46:36'),
(13, 'الإيرادات المستحقة', '111202', 3, 11, '1112', 4, 1, 1, 1, '2023-07-27 18:48:07', '2023-07-27 18:48:07'),
(14, 'الضريبة القابلة للخصم ( ضريبة المدخلات )', '111203', 3, 11, '1112', 4, 1, 1, 1, '2023-07-27 18:48:48', '2024-04-20 11:59:00'),
(15, 'الأصول الثابتة', '12', 2, 1, '1', 2, 1, 1, 1, '2023-07-27 18:53:06', '2023-07-27 18:53:06'),
(16, 'أصول أخري', '13', 2, 1, '1', 2, 1, 1, 1, '2023-07-27 18:54:21', '2023-07-27 18:54:21'),
(17, 'الخصوم', '2', 1, 0, '', 1, 2, 1, 1, '2023-07-27 18:55:05', '2023-07-27 18:55:05'),
(18, 'الخصوم المتداولة', '21', 2, 17, '2', 2, 2, 1, 1, '2023-07-27 18:55:54', '2023-07-27 18:55:54'),
(19, 'الموردين', '2101', 3, 18, '21', 3, 2, 1, 2, '2023-07-27 18:56:52', '2024-04-07 18:33:34'),
(20, 'الدائنون', '2102', 3, 18, '21', 3, 2, 1, 1, '2023-07-27 18:57:23', '2023-07-27 18:57:23'),
(21, 'الأرصدة الدائنة الأخري', '2103', 3, 18, '21', 3, 2, 1, 2, '2023-07-27 19:02:09', '2023-07-27 19:02:09'),
(22, 'الضريبة المستحقة علي التوريد ( ضريبة المخرجات )', '210303', 3, 21, '2103', 4, 2, 1, 2, '2023-07-27 19:03:41', '2023-07-27 19:03:41'),
(23, 'ضريبة القيمة المضافة المستحقة (تسويات ضريبية )', '210304', 3, 21, '2103', 4, 2, 1, 2, '2023-07-27 19:04:35', '2023-07-27 19:04:35'),
(24, 'رأس المال و حقوق الملكية', '3', 1, 0, '', 1, 1, 1, 1, '2023-07-27 19:05:33', '2023-07-27 19:05:33'),
(25, 'رأس المال الإبتدائى', '31', 2, 24, '3', 2, 1, 1, 2, '2023-07-27 19:07:02', '2023-07-27 19:07:02'),
(26, 'رأس المال المدفوع', '3101', 3, 25, '31', 3, 1, 1, 2, '2023-07-27 19:08:02', '2023-07-27 19:08:02'),
(27, 'جاري صاحب المؤسسة', '310101', 3, 26, '3101', 4, 1, 1, 2, '2023-07-27 19:09:02', '2023-07-27 19:09:02'),
(28, 'حساب الربح او الخسارة', '33', 2, 24, '3', 2, 1, 1, 1, '2023-07-27 19:10:15', '2023-07-27 19:10:15'),
(29, 'صافي ربح', '3301', 3, 28, '33', 3, 1, 2, 2, '2023-07-27 19:11:04', '2023-07-27 19:11:04'),
(55, 'عميل نقدي افتراضي', '110701', 2, 7, '1107', 4, 1, 1, 1, '2024-04-02 19:00:41', '2024-04-02 19:00:41'),
(30, 'ارباح محتجزة', '3302', 3, 28, '33', 3, 2, 1, 2, '2023-07-27 19:11:58', '2023-07-27 19:11:58'),
(31, 'الحساب الوسيط', '34', 2, 24, '3', 2, 1, 1, 1, '2023-07-27 19:13:03', '2023-07-27 19:13:03'),
(32, 'حساب وسيط 1', '3401', 3, 31, '34', 3, 2, 1, 2, '2023-07-27 19:13:56', '2023-07-27 19:13:56'),
(33, 'الإيرادات', '4', 1, 0, '', 1, 1, 2, 1, '2023-07-27 19:14:35', '2023-07-27 19:14:35'),
(34, 'صافي المبيعات', '41', 2, 33, '4', 2, 1, 2, 1, '2023-07-27 19:15:13', '2023-07-27 19:15:13'),
(35, 'اجمالي المبيعات', '4101', 3, 34, '41', 3, 1, 2, 1, '2023-07-27 19:16:05', '2023-07-27 19:16:05'),
(36, 'اجمالي المبيعات الفرع الرئيسي', '410101', 3, 35, '4101', 4, 2, 2, 2, '2023-07-27 19:16:55', '2023-07-27 19:16:55'),
(37, 'مردودات المبيعات', '4102', 3, 34, '41', 3, 1, 2, 1, '2023-07-27 19:17:37', '2023-07-27 19:17:37'),
(38, 'مردودات مبيعات الفرع الرئيسي', '410201', 3, 37, '4102', 4, 2, 2, 2, '2023-07-27 19:18:24', '2023-07-27 19:18:24'),
(39, 'الخصم المسموح', '4103', 2, 34, '41', 3, 1, 2, 1, '2023-07-27 19:19:09', '2024-04-27 18:46:06'),
(40, 'خصم مسموح الفرع الرئيسي', '410301', 3, 39, '4103', 4, 2, 2, 1, '2023-07-27 19:19:54', '2023-07-27 19:19:54'),
(41, 'الإيرادات الأخري', '42', 2, 33, '4', 2, 1, 2, 1, '2023-07-27 19:20:41', '2023-07-27 19:20:41'),
(42, 'ارباح رأسمالية', '43', 2, 33, '4', 2, 1, 1, 1, '2023-07-27 19:22:21', '2023-07-27 19:22:21'),
(43, 'المصروفات', '5', 1, 0, '', 1, 1, 2, 1, '2023-07-27 19:22:48', '2023-07-27 19:22:48'),
(44, 'صافى مشتريات', '51', 2, 43, '5', 2, 1, 2, 1, '2023-07-27 19:23:20', '2023-07-27 19:23:20'),
(45, 'اجمالى المشتريات', '5101', 3, 44, '51', 3, 1, 2, 1, '2023-07-27 19:24:03', '2023-07-27 19:24:03'),
(46, 'اجمالى مشتريات الفرع الرئيسي', '510101', 3, 45, '5101', 4, 2, 2, 2, '2023-07-27 19:24:49', '2023-07-27 19:24:49'),
(47, 'مردودات مشتريات', '5102', 3, 44, '51', 3, 1, 2, 1, '2023-07-27 19:25:41', '2023-07-27 19:25:41'),
(48, 'مردودات مشتريات الفرع الرئيسي', '510201', 3, 47, '5102', 4, 2, 2, 2, '2023-07-27 19:26:28', '2023-07-27 19:26:28'),
(49, 'الخصم المكتسب', '5103', 1, 33, '4', 2, 3, 2, 2, '2023-07-27 19:27:17', '2024-04-22 17:04:54'),
(50, 'خصم مكتسب الفرع الرئيسي', '510301', 3, 49, '5103', 4, 3, 2, 2, '2023-07-27 19:28:04', '2024-04-22 17:06:44'),
(51, 'تكلفه المبيعات', '52', 2, 43, '5', 2, 1, 2, 1, '2023-07-27 19:28:55', '2023-07-27 19:28:55'),
(52, 'تكلفه المبيعات الفرع الرئيسي', '5201', 3, 51, '52', 3, 2, 2, 2, '2023-07-27 19:29:41', '2023-07-27 19:29:41'),
(53, 'مصروفات عمومية وادارية', '53', 2, 43, '5', 2, 2, 2, 2, '2023-07-27 19:31:33', '2023-07-27 19:31:33'),
(54, 'معادلة الربح في المبيعات', '330102', 3, 29, '3301', 4, 2, 2, 2, '2023-07-27 19:33:32', '2023-07-27 19:33:32'),
(56, 'مورد نقدي افتراضي', '210101', 2, 19, '2101', 4, 2, 1, 2, '2024-04-07 18:34:28', '2024-04-07 19:21:04'),
(57, 'لازوردي', '210102', 2, 19, '2101', 4, 2, 1, 2, '2024-04-07 18:59:53', '2024-04-07 18:59:53'),
(58, 'عميل جديد', '110702', 2, 7, '1107', 4, 1, 1, 1, '2024-04-07 19:04:35', '2024-04-07 19:04:35'),
(59, 'بضاعة مشتراه الفرع الرئيسي', '520101', 2, 52, '5201', 4, 4, 2, 1, '2024-04-10 23:30:44', '2024-04-22 18:01:14'),
(60, 'الضريبة الانتقائية', '111204', 3, 11, '1112', 4, 1, 1, 1, '2024-04-20 11:59:08', '2024-04-20 11:59:08'),
(61, 'صندوق الفرع 2', '110102', 2, 3, '1101', 4, 1, 1, 1, '2024-04-27 18:51:28', '2024-04-27 18:51:28'),
(62, 'البنك الفرع 2', '110202', 2, 4, '1102', 4, 1, 1, 1, '2024-04-27 18:51:28', '2024-04-27 18:51:28'),
(63, 'اجمالي المبيعات الفرع 2', '410102', 3, 35, '4101', 4, 2, 2, 2, '2024-04-27 18:51:28', '2024-04-27 18:51:28'),
(64, 'اجمالى مشتريات الفرع 2', '510102', 3, 45, '5101', 4, 2, 2, 2, '2024-04-27 18:51:28', '2024-04-27 18:51:28'),
(65, 'مردودات مبيعات الفرع 2', '410202', 3, 37, '4102', 4, 2, 2, 2, '2024-04-27 18:51:28', '2024-04-27 18:51:28'),
(66, 'مردودات مشتريات الفرع 2', '510202', 3, 47, '5102', 4, 2, 2, 2, '2024-04-27 18:51:28', '2024-04-27 18:51:28'),
(67, 'المخزون الفرع 2', '110802', 2, 8, '1108', 4, 1, 1, 1, '2024-04-27 18:51:28', '2024-04-27 18:51:28'),
(68, 'خصم مسموح الفرع 2', '410302', 3, 39, '4103', 4, 2, 2, 1, '2024-04-27 18:51:28', '2024-04-27 18:51:28'),
(69, 'خصم مكتسب الفرع 2', '510302', 3, 49, '5103', 4, 3, 2, 2, '2024-04-27 18:51:28', '2024-04-27 18:51:28'),
(70, 'تكلفه المبيعات الفرع 2', '5202', 3, 51, '52', 3, 2, 2, 2, '2024-04-27 18:51:28', '2024-04-27 18:51:28'),
(71, 'بضاعة مشتراه الفرع 2', '520201', 2, 70, '5202', 3, 2, 2, 2, '2024-04-27 18:51:28', '2024-04-27 18:51:28'),
(72, 'شركة زبرجد للنقليات', '110703', 2, 7, '1107', 4, 1, 1, 1, '2024-05-24 19:20:41', '2024-05-24 19:20:41'),
(73, 'بيبسي', '210103', 2, 19, '2101', 4, 2, 1, 2, '2025-10-10 12:08:42', '2025-10-10 12:08:42'),
(74, 'مؤسسة فن الاحتراف', '210104', 2, 19, '2101', 4, 2, 1, 2, '2025-10-17 14:41:37', '2025-10-17 14:41:37'),
(75, 'محمممم', '210105', 2, 19, '2101', 4, 2, 1, 2, '2025-10-17 14:42:37', '2025-10-17 14:42:37');

-- --------------------------------------------------------

--
-- Table structure for table `account_movements`
--

CREATE TABLE `account_movements` (
  `id` bigint(20) UNSIGNED NOT NULL,
  `journal_id` int(11) NOT NULL,
  `account_id` int(11) NOT NULL,
  `debit` double NOT NULL,
  `credit` double NOT NULL,
  `date` varchar(255) NOT NULL,
  `created_at` timestamp NULL DEFAULT NULL,
  `updated_at` timestamp NULL DEFAULT NULL
) ENGINE=MyISAM DEFAULT CHARSET=utf8mb4 COLLATE=utf8mb4_unicode_ci;

--
-- Dumping data for table `account_movements`
--

INSERT INTO `account_movements` (`id`, `journal_id`, `account_id`, `debit`, `credit`, `date`, `created_at`, `updated_at`) VALUES
(1, 1, 57, 0, 20250, '2024-05-04T19:21', NULL, NULL),
(2, 1, 19, 0, 20250, '2024-05-04T19:21', NULL, NULL),
(3, 1, 18, 0, 20250, '2024-05-04T19:21', NULL, NULL),
(4, 1, 17, 0, 20250, '2024-05-04T19:21', NULL, NULL),
(5, 1, 46, 17608.7, 0, '2024-05-04T19:21', NULL, NULL),
(6, 1, 45, 17608.7, 0, '2024-05-04T19:21', NULL, NULL),
(7, 1, 44, 17608.7, 0, '2024-05-04T19:21', NULL, NULL),
(8, 1, 43, 17608.7, 0, '2024-05-04T19:21', NULL, NULL),
(9, 1, 9, 17608.7, 0, '2024-05-04T19:21', NULL, NULL),
(10, 1, 8, 17608.7, 0, '2024-05-04T19:21', NULL, NULL),
(11, 1, 2, 17608.7, 0, '2024-05-04T19:21', NULL, NULL),
(12, 1, 1, 17608.7, 0, '2024-05-04T19:21', NULL, NULL),
(13, 1, 59, 0, 17608.7, '2024-05-04T19:21', NULL, NULL),
(14, 1, 52, 0, 17608.7, '2024-05-04T19:21', NULL, NULL),
(15, 1, 51, 0, 17608.7, '2024-05-04T19:21', NULL, NULL),
(16, 1, 43, 0, 17608.7, '2024-05-04T19:21', NULL, NULL),
(17, 1, 22, 2641.3, 0, '2024-05-04T19:21', NULL, NULL),
(18, 1, 21, 2641.3, 0, '2024-05-04T19:21', NULL, NULL),
(19, 1, 18, 2641.3, 0, '2024-05-04T19:21', NULL, NULL),
(20, 1, 17, 2641.3, 0, '2024-05-04T19:21', NULL, NULL),
(21, 2, 57, 0, 183000, '2024-05-04T19:23', NULL, NULL),
(22, 2, 19, 0, 183000, '2024-05-04T19:23', NULL, NULL),
(23, 2, 18, 0, 183000, '2024-05-04T19:23', NULL, NULL),
(24, 2, 17, 0, 183000, '2024-05-04T19:23', NULL, NULL),
(25, 2, 46, 159130.43, 0, '2024-05-04T19:23', NULL, NULL),
(26, 2, 45, 159130.43, 0, '2024-05-04T19:23', NULL, NULL),
(27, 2, 44, 159130.43, 0, '2024-05-04T19:23', NULL, NULL),
(28, 2, 43, 159130.43, 0, '2024-05-04T19:23', NULL, NULL),
(29, 2, 9, 159130.43, 0, '2024-05-04T19:23', NULL, NULL),
(30, 2, 8, 159130.43, 0, '2024-05-04T19:23', NULL, NULL),
(31, 2, 2, 159130.43, 0, '2024-05-04T19:23', NULL, NULL),
(32, 2, 1, 159130.43, 0, '2024-05-04T19:23', NULL, NULL),
(33, 2, 59, 0, 159130.43, '2024-05-04T19:23', NULL, NULL),
(34, 2, 52, 0, 159130.43, '2024-05-04T19:23', NULL, NULL),
(35, 2, 51, 0, 159130.43, '2024-05-04T19:23', NULL, NULL),
(36, 2, 43, 0, 159130.43, '2024-05-04T19:23', NULL, NULL),
(37, 2, 22, 23869.57, 0, '2024-05-04T19:23', NULL, NULL),
(38, 2, 21, 23869.57, 0, '2024-05-04T19:23', NULL, NULL),
(39, 2, 18, 23869.57, 0, '2024-05-04T19:23', NULL, NULL),
(40, 2, 17, 23869.57, 0, '2024-05-04T19:23', NULL, NULL),
(41, 3, 57, 0, 100, '2024-05-04T19:27', NULL, NULL),
(42, 3, 19, 0, 100, '2024-05-04T19:27', NULL, NULL),
(43, 3, 18, 0, 100, '2024-05-04T19:27', NULL, NULL),
(44, 3, 17, 0, 100, '2024-05-04T19:27', NULL, NULL),
(45, 3, 46, 86.96, 0, '2024-05-04T19:27', NULL, NULL),
(46, 3, 45, 86.96, 0, '2024-05-04T19:27', NULL, NULL),
(47, 3, 44, 86.96, 0, '2024-05-04T19:27', NULL, NULL),
(48, 3, 43, 86.96, 0, '2024-05-04T19:27', NULL, NULL),
(49, 3, 9, 86.96, 0, '2024-05-04T19:27', NULL, NULL),
(50, 3, 8, 86.96, 0, '2024-05-04T19:27', NULL, NULL),
(51, 3, 2, 86.96, 0, '2024-05-04T19:27', NULL, NULL),
(52, 3, 1, 86.96, 0, '2024-05-04T19:27', NULL, NULL),
(53, 3, 59, 0, 86.96, '2024-05-04T19:27', NULL, NULL),
(54, 3, 52, 0, 86.96, '2024-05-04T19:27', NULL, NULL),
(55, 3, 51, 0, 86.96, '2024-05-04T19:27', NULL, NULL),
(56, 3, 43, 0, 86.96, '2024-05-04T19:27', NULL, NULL),
(57, 3, 22, 13.04, 0, '2024-05-04T19:27', NULL, NULL),
(58, 3, 21, 13.04, 0, '2024-05-04T19:27', NULL, NULL),
(59, 3, 18, 13.04, 0, '2024-05-04T19:27', NULL, NULL),
(60, 3, 17, 13.04, 0, '2024-05-04T19:27', NULL, NULL),
(61, 4, 57, 100, 0, '2024-05-04T19:28', NULL, NULL),
(62, 4, 19, 100, 0, '2024-05-04T19:28', NULL, NULL),
(63, 4, 18, 100, 0, '2024-05-04T19:28', NULL, NULL),
(64, 4, 17, 100, 0, '2024-05-04T19:28', NULL, NULL),
(65, 4, 48, 0, 87, '2024-05-04T19:28', NULL, NULL),
(66, 4, 47, 0, 87, '2024-05-04T19:28', NULL, NULL),
(67, 4, 44, 0, 87, '2024-05-04T19:28', NULL, NULL),
(68, 4, 43, 0, 87, '2024-05-04T19:28', NULL, NULL),
(69, 4, 9, 0, 87, '2024-05-04T19:28', NULL, NULL),
(70, 4, 8, 0, 87, '2024-05-04T19:28', NULL, NULL),
(71, 4, 2, 0, 87, '2024-05-04T19:28', NULL, NULL),
(72, 4, 1, 0, 87, '2024-05-04T19:28', NULL, NULL),
(73, 4, 59, 87, 0, '2024-05-04T19:28', NULL, NULL),
(74, 4, 52, 87, 0, '2024-05-04T19:28', NULL, NULL),
(75, 4, 51, 87, 0, '2024-05-04T19:28', NULL, NULL),
(76, 4, 43, 87, 0, '2024-05-04T19:28', NULL, NULL),
(77, 4, 22, 0, 13.04, '2024-05-04T19:28', NULL, NULL),
(78, 4, 21, 0, 13.04, '2024-05-04T19:28', NULL, NULL),
(79, 4, 18, 0, 13.04, '2024-05-04T19:28', NULL, NULL),
(80, 4, 17, 0, 13.04, '2024-05-04T19:28', NULL, NULL),
(81, 5, 55, 12, 0, '2024-05-04', NULL, NULL),
(82, 5, 7, 12, 0, '2024-05-04', NULL, NULL),
(83, 5, 2, 12, 0, '2024-05-04', NULL, NULL),
(84, 5, 1, 12, 0, '2024-05-04', NULL, NULL),
(85, 5, 36, 0, 11.43, '2024-05-04', NULL, NULL),
(86, 5, 35, 0, 11.43, '2024-05-04', NULL, NULL),
(87, 5, 34, 0, 11.43, '2024-05-04', NULL, NULL),
(88, 5, 33, 0, 11.43, '2024-05-04', NULL, NULL),
(89, 5, 14, 0, 0.57, '2024-05-04', NULL, NULL),
(90, 5, 11, 0, 0.57, '2024-05-04', NULL, NULL),
(91, 5, 2, 0, 0.57, '2024-05-04', NULL, NULL),
(92, 5, 1, 0, 0.57, '2024-05-04', NULL, NULL),
(93, 5, 29, 5.43, 0, '2024-05-04', NULL, NULL),
(94, 5, 28, 5.43, 0, '2024-05-04', NULL, NULL),
(95, 5, 24, 5.43, 0, '2024-05-04', NULL, NULL),
(96, 5, 29, 0, 5.43, '2024-05-04', NULL, NULL),
(97, 5, 28, 0, 5.43, '2024-05-04', NULL, NULL),
(98, 5, 24, 0, 5.43, '2024-05-04', NULL, NULL),
(99, 5, 59, 6, 0, '2024-05-04', NULL, NULL),
(100, 5, 52, 6, 0, '2024-05-04', NULL, NULL),
(101, 5, 51, 6, 0, '2024-05-04', NULL, NULL),
(102, 5, 43, 6, 0, '2024-05-04', NULL, NULL),
(103, 5, 9, 0, 6, '2024-05-04', NULL, NULL),
(104, 5, 8, 0, 6, '2024-05-04', NULL, NULL),
(105, 5, 2, 0, 6, '2024-05-04', NULL, NULL),
(106, 5, 1, 0, 6, '2024-05-04', NULL, NULL),
(107, 6, 5, 12, 0, '2024-05-04', NULL, NULL),
(108, 6, 3, 12, 0, '2024-05-04', NULL, NULL),
(109, 6, 2, 12, 0, '2024-05-04', NULL, NULL),
(110, 6, 1, 12, 0, '2024-05-04', NULL, NULL),
(111, 6, 55, 0, 12, '2024-05-04', NULL, NULL),
(112, 6, 7, 0, 12, '2024-05-04', NULL, NULL),
(113, 6, 2, 0, 12, '2024-05-04', NULL, NULL),
(114, 6, 1, 0, 12, '2024-05-04', NULL, NULL),
(115, 7, 55, 200, 0, '2024-05-04', NULL, NULL),
(116, 7, 7, 200, 0, '2024-05-04', NULL, NULL),
(117, 7, 2, 200, 0, '2024-05-04', NULL, NULL),
(118, 7, 1, 200, 0, '2024-05-04', NULL, NULL),
(119, 7, 36, 0, 173.92, '2024-05-04', NULL, NULL),
(120, 7, 35, 0, 173.92, '2024-05-04', NULL, NULL),
(121, 7, 34, 0, 173.92, '2024-05-04', NULL, NULL),
(122, 7, 33, 0, 173.92, '2024-05-04', NULL, NULL),
(123, 7, 14, 0, 26.08, '2024-05-04', NULL, NULL),
(124, 7, 11, 0, 26.08, '2024-05-04', NULL, NULL),
(125, 7, 2, 0, 26.08, '2024-05-04', NULL, NULL),
(126, 7, 1, 0, 26.08, '2024-05-04', NULL, NULL),
(127, 7, 29, 73.92, 0, '2024-05-04', NULL, NULL),
(128, 7, 28, 73.92, 0, '2024-05-04', NULL, NULL),
(129, 7, 24, 73.92, 0, '2024-05-04', NULL, NULL),
(130, 7, 29, 0, 73.92, '2024-05-04', NULL, NULL),
(131, 7, 28, 0, 73.92, '2024-05-04', NULL, NULL),
(132, 7, 24, 0, 73.92, '2024-05-04', NULL, NULL),
(133, 7, 59, 100, 0, '2024-05-04', NULL, NULL),
(134, 7, 52, 100, 0, '2024-05-04', NULL, NULL),
(135, 7, 51, 100, 0, '2024-05-04', NULL, NULL),
(136, 7, 43, 100, 0, '2024-05-04', NULL, NULL),
(137, 7, 9, 0, 100, '2024-05-04', NULL, NULL),
(138, 7, 8, 0, 100, '2024-05-04', NULL, NULL),
(139, 7, 2, 0, 100, '2024-05-04', NULL, NULL),
(140, 7, 1, 0, 100, '2024-05-04', NULL, NULL),
(141, 8, 5, 200, 0, '2024-05-04', NULL, NULL),
(142, 8, 3, 200, 0, '2024-05-04', NULL, NULL),
(143, 8, 2, 200, 0, '2024-05-04', NULL, NULL),
(144, 8, 1, 200, 0, '2024-05-04', NULL, NULL),
(145, 8, 55, 0, 200, '2024-05-04', NULL, NULL),
(146, 8, 7, 0, 200, '2024-05-04', NULL, NULL),
(147, 8, 2, 0, 200, '2024-05-04', NULL, NULL),
(148, 8, 1, 0, 200, '2024-05-04', NULL, NULL),
(149, 9, 55, 50, 0, '2024-05-04', NULL, NULL),
(150, 9, 7, 50, 0, '2024-05-04', NULL, NULL),
(151, 9, 2, 50, 0, '2024-05-04', NULL, NULL),
(152, 9, 1, 50, 0, '2024-05-04', NULL, NULL),
(153, 9, 36, 0, 43.48, '2024-05-04', NULL, NULL),
(154, 9, 35, 0, 43.48, '2024-05-04', NULL, NULL),
(155, 9, 34, 0, 43.48, '2024-05-04', NULL, NULL),
(156, 9, 33, 0, 43.48, '2024-05-04', NULL, NULL),
(157, 9, 14, 0, 6.52, '2024-05-04', NULL, NULL),
(158, 9, 11, 0, 6.52, '2024-05-04', NULL, NULL),
(159, 9, 2, 0, 6.52, '2024-05-04', NULL, NULL),
(160, 9, 1, 0, 6.52, '2024-05-04', NULL, NULL),
(161, 9, 29, 13.48, 0, '2024-05-04', NULL, NULL),
(162, 9, 28, 13.48, 0, '2024-05-04', NULL, NULL),
(163, 9, 24, 13.48, 0, '2024-05-04', NULL, NULL),
(164, 9, 29, 0, 13.48, '2024-05-04', NULL, NULL),
(165, 9, 28, 0, 13.48, '2024-05-04', NULL, NULL),
(166, 9, 24, 0, 13.48, '2024-05-04', NULL, NULL),
(167, 9, 59, 30, 0, '2024-05-04', NULL, NULL),
(168, 9, 52, 30, 0, '2024-05-04', NULL, NULL),
(169, 9, 51, 30, 0, '2024-05-04', NULL, NULL),
(170, 9, 43, 30, 0, '2024-05-04', NULL, NULL),
(171, 9, 9, 0, 30, '2024-05-04', NULL, NULL),
(172, 9, 8, 0, 30, '2024-05-04', NULL, NULL),
(173, 9, 2, 0, 30, '2024-05-04', NULL, NULL),
(174, 9, 1, 0, 30, '2024-05-04', NULL, NULL),
(175, 10, 5, 50, 0, '2024-05-04', NULL, NULL),
(176, 10, 3, 50, 0, '2024-05-04', NULL, NULL),
(177, 10, 2, 50, 0, '2024-05-04', NULL, NULL),
(178, 10, 1, 50, 0, '2024-05-04', NULL, NULL),
(179, 10, 55, 0, 50, '2024-05-04', NULL, NULL),
(180, 10, 7, 0, 50, '2024-05-04', NULL, NULL),
(181, 10, 2, 0, 50, '2024-05-04', NULL, NULL),
(182, 10, 1, 0, 50, '2024-05-04', NULL, NULL),
(183, 11, 55, 0, 50, '2024-05-04', NULL, NULL),
(184, 11, 7, 0, 50, '2024-05-04', NULL, NULL),
(185, 11, 2, 0, 50, '2024-05-04', NULL, NULL),
(186, 11, 1, 0, 50, '2024-05-04', NULL, NULL),
(187, 11, 38, 43.48, 0, '2024-05-04', NULL, NULL),
(188, 11, 37, 43.48, 0, '2024-05-04', NULL, NULL),
(189, 11, 34, 43.48, 0, '2024-05-04', NULL, NULL),
(190, 11, 33, 43.48, 0, '2024-05-04', NULL, NULL),
(191, 11, 14, 6.52, 0, '2024-05-04', NULL, NULL),
(192, 11, 11, 6.52, 0, '2024-05-04', NULL, NULL),
(193, 11, 2, 6.52, 0, '2024-05-04', NULL, NULL),
(194, 11, 1, 6.52, 0, '2024-05-04', NULL, NULL),
(195, 11, 29, 0, 13.48, '2024-05-04', NULL, NULL),
(196, 11, 28, 0, 13.48, '2024-05-04', NULL, NULL),
(197, 11, 24, 0, 13.48, '2024-05-04', NULL, NULL),
(198, 11, 29, 13.48, 0, '2024-05-04', NULL, NULL),
(199, 11, 28, 13.48, 0, '2024-05-04', NULL, NULL),
(200, 11, 24, 13.48, 0, '2024-05-04', NULL, NULL),
(201, 11, 59, 0, 30, '2024-05-04', NULL, NULL),
(202, 11, 52, 0, 30, '2024-05-04', NULL, NULL),
(203, 11, 51, 0, 30, '2024-05-04', NULL, NULL),
(204, 11, 43, 0, 30, '2024-05-04', NULL, NULL),
(205, 11, 9, 30, 0, '2024-05-04', NULL, NULL),
(206, 11, 8, 30, 0, '2024-05-04', NULL, NULL),
(207, 11, 2, 30, 0, '2024-05-04', NULL, NULL),
(208, 11, 1, 30, 0, '2024-05-04', NULL, NULL),
(209, 12, 57, 0, 1330, '2024-05-04T19:35', NULL, NULL),
(210, 12, 19, 0, 1330, '2024-05-04T19:35', NULL, NULL),
(211, 12, 18, 0, 1330, '2024-05-04T19:35', NULL, NULL),
(212, 12, 17, 0, 1330, '2024-05-04T19:35', NULL, NULL),
(213, 12, 46, 1156.52, 0, '2024-05-04T19:35', NULL, NULL),
(214, 12, 45, 1156.52, 0, '2024-05-04T19:35', NULL, NULL),
(215, 12, 44, 1156.52, 0, '2024-05-04T19:35', NULL, NULL),
(216, 12, 43, 1156.52, 0, '2024-05-04T19:35', NULL, NULL),
(217, 12, 9, 1156.52, 0, '2024-05-04T19:35', NULL, NULL),
(218, 12, 8, 1156.52, 0, '2024-05-04T19:35', NULL, NULL),
(219, 12, 2, 1156.52, 0, '2024-05-04T19:35', NULL, NULL),
(220, 12, 1, 1156.52, 0, '2024-05-04T19:35', NULL, NULL),
(221, 12, 59, 0, 1156.52, '2024-05-04T19:35', NULL, NULL),
(222, 12, 52, 0, 1156.52, '2024-05-04T19:35', NULL, NULL),
(223, 12, 51, 0, 1156.52, '2024-05-04T19:35', NULL, NULL),
(224, 12, 43, 0, 1156.52, '2024-05-04T19:35', NULL, NULL),
(225, 12, 22, 173.48, 0, '2024-05-04T19:35', NULL, NULL),
(226, 12, 21, 173.48, 0, '2024-05-04T19:35', NULL, NULL),
(227, 12, 18, 173.48, 0, '2024-05-04T19:35', NULL, NULL),
(228, 12, 17, 173.48, 0, '2024-05-04T19:35', NULL, NULL),
(229, 13, 57, 0, 19080, '2024-05-04T19:37', NULL, NULL),
(230, 13, 19, 0, 19080, '2024-05-04T19:37', NULL, NULL),
(231, 13, 18, 0, 19080, '2024-05-04T19:37', NULL, NULL),
(232, 13, 17, 0, 19080, '2024-05-04T19:37', NULL, NULL),
(233, 13, 64, 16591.31, 0, '2024-05-04T19:37', NULL, NULL),
(234, 13, 45, 16591.31, 0, '2024-05-04T19:37', NULL, NULL),
(235, 13, 44, 16591.31, 0, '2024-05-04T19:37', NULL, NULL),
(236, 13, 43, 16591.31, 0, '2024-05-04T19:37', NULL, NULL),
(237, 13, 67, 16591.31, 0, '2024-05-04T19:37', NULL, NULL),
(238, 13, 8, 16591.31, 0, '2024-05-04T19:37', NULL, NULL),
(239, 13, 2, 16591.31, 0, '2024-05-04T19:37', NULL, NULL),
(240, 13, 1, 16591.31, 0, '2024-05-04T19:37', NULL, NULL),
(241, 13, 71, 0, 16591.31, '2024-05-04T19:37', NULL, NULL),
(242, 13, 70, 0, 16591.31, '2024-05-04T19:37', NULL, NULL),
(243, 13, 51, 0, 16591.31, '2024-05-04T19:37', NULL, NULL),
(244, 13, 43, 0, 16591.31, '2024-05-04T19:37', NULL, NULL),
(245, 13, 22, 2488.69, 0, '2024-05-04T19:37', NULL, NULL),
(246, 13, 21, 2488.69, 0, '2024-05-04T19:37', NULL, NULL),
(247, 13, 18, 2488.69, 0, '2024-05-04T19:37', NULL, NULL),
(248, 13, 17, 2488.69, 0, '2024-05-04T19:37', NULL, NULL),
(249, 14, 57, 0, 183000, '2024-05-04T19:41', NULL, NULL),
(250, 14, 19, 0, 183000, '2024-05-04T19:41', NULL, NULL),
(251, 14, 18, 0, 183000, '2024-05-04T19:41', NULL, NULL),
(252, 14, 17, 0, 183000, '2024-05-04T19:41', NULL, NULL),
(253, 14, 64, 159130.43, 0, '2024-05-04T19:41', NULL, NULL),
(254, 14, 45, 159130.43, 0, '2024-05-04T19:41', NULL, NULL),
(255, 14, 44, 159130.43, 0, '2024-05-04T19:41', NULL, NULL),
(256, 14, 43, 159130.43, 0, '2024-05-04T19:41', NULL, NULL),
(257, 14, 67, 159130.43, 0, '2024-05-04T19:41', NULL, NULL),
(258, 14, 8, 159130.43, 0, '2024-05-04T19:41', NULL, NULL),
(259, 14, 2, 159130.43, 0, '2024-05-04T19:41', NULL, NULL),
(260, 14, 1, 159130.43, 0, '2024-05-04T19:41', NULL, NULL),
(261, 14, 71, 0, 159130.43, '2024-05-04T19:41', NULL, NULL),
(262, 14, 70, 0, 159130.43, '2024-05-04T19:41', NULL, NULL),
(263, 14, 51, 0, 159130.43, '2024-05-04T19:41', NULL, NULL),
(264, 14, 43, 0, 159130.43, '2024-05-04T19:41', NULL, NULL),
(265, 14, 22, 23869.57, 0, '2024-05-04T19:41', NULL, NULL),
(266, 14, 21, 23869.57, 0, '2024-05-04T19:41', NULL, NULL),
(267, 14, 18, 23869.57, 0, '2024-05-04T19:41', NULL, NULL),
(268, 14, 17, 23869.57, 0, '2024-05-04T19:41', NULL, NULL),
(269, 15, 57, 0, 600, '2024-05-04T19:44', NULL, NULL),
(270, 15, 19, 0, 600, '2024-05-04T19:44', NULL, NULL),
(271, 15, 18, 0, 600, '2024-05-04T19:44', NULL, NULL),
(272, 15, 17, 0, 600, '2024-05-04T19:44', NULL, NULL),
(273, 15, 64, 521.74, 0, '2024-05-04T19:44', NULL, NULL),
(274, 15, 45, 521.74, 0, '2024-05-04T19:44', NULL, NULL),
(275, 15, 44, 521.74, 0, '2024-05-04T19:44', NULL, NULL),
(276, 15, 43, 521.74, 0, '2024-05-04T19:44', NULL, NULL),
(277, 15, 67, 521.74, 0, '2024-05-04T19:44', NULL, NULL),
(278, 15, 8, 521.74, 0, '2024-05-04T19:44', NULL, NULL),
(279, 15, 2, 521.74, 0, '2024-05-04T19:44', NULL, NULL),
(280, 15, 1, 521.74, 0, '2024-05-04T19:44', NULL, NULL),
(281, 15, 71, 0, 521.74, '2024-05-04T19:44', NULL, NULL),
(282, 15, 70, 0, 521.74, '2024-05-04T19:44', NULL, NULL),
(283, 15, 51, 0, 521.74, '2024-05-04T19:44', NULL, NULL),
(284, 15, 43, 0, 521.74, '2024-05-04T19:44', NULL, NULL),
(285, 15, 22, 78.26, 0, '2024-05-04T19:44', NULL, NULL),
(286, 15, 21, 78.26, 0, '2024-05-04T19:44', NULL, NULL),
(287, 15, 18, 78.26, 0, '2024-05-04T19:44', NULL, NULL),
(288, 15, 17, 78.26, 0, '2024-05-04T19:44', NULL, NULL),
(289, 16, 57, 0, 250, '2024-05-04T19:45', NULL, NULL),
(290, 16, 19, 0, 250, '2024-05-04T19:45', NULL, NULL),
(291, 16, 18, 0, 250, '2024-05-04T19:45', NULL, NULL),
(292, 16, 17, 0, 250, '2024-05-04T19:45', NULL, NULL),
(293, 16, 64, 217.39, 0, '2024-05-04T19:45', NULL, NULL),
(294, 16, 45, 217.39, 0, '2024-05-04T19:45', NULL, NULL),
(295, 16, 44, 217.39, 0, '2024-05-04T19:45', NULL, NULL),
(296, 16, 43, 217.39, 0, '2024-05-04T19:45', NULL, NULL),
(297, 16, 67, 217.39, 0, '2024-05-04T19:45', NULL, NULL),
(298, 16, 8, 217.39, 0, '2024-05-04T19:45', NULL, NULL),
(299, 16, 2, 217.39, 0, '2024-05-04T19:45', NULL, NULL),
(300, 16, 1, 217.39, 0, '2024-05-04T19:45', NULL, NULL),
(301, 16, 71, 0, 217.39, '2024-05-04T19:45', NULL, NULL),
(302, 16, 70, 0, 217.39, '2024-05-04T19:45', NULL, NULL),
(303, 16, 51, 0, 217.39, '2024-05-04T19:45', NULL, NULL),
(304, 16, 43, 0, 217.39, '2024-05-04T19:45', NULL, NULL),
(305, 16, 22, 32.61, 0, '2024-05-04T19:45', NULL, NULL),
(306, 16, 21, 32.61, 0, '2024-05-04T19:45', NULL, NULL),
(307, 16, 18, 32.61, 0, '2024-05-04T19:45', NULL, NULL),
(308, 16, 17, 32.61, 0, '2024-05-04T19:45', NULL, NULL),
(309, 17, 57, 250, 0, '2024-05-04T19:45', NULL, NULL),
(310, 17, 19, 250, 0, '2024-05-04T19:45', NULL, NULL),
(311, 17, 18, 250, 0, '2024-05-04T19:45', NULL, NULL),
(312, 17, 17, 250, 0, '2024-05-04T19:45', NULL, NULL),
(313, 17, 66, 0, 217.5, '2024-05-04T19:45', NULL, NULL),
(314, 17, 47, 0, 217.5, '2024-05-04T19:45', NULL, NULL),
(315, 17, 44, 0, 217.5, '2024-05-04T19:45', NULL, NULL),
(316, 17, 43, 0, 217.5, '2024-05-04T19:45', NULL, NULL),
(317, 17, 67, 0, 217.5, '2024-05-04T19:45', NULL, NULL),
(318, 17, 8, 0, 217.5, '2024-05-04T19:45', NULL, NULL),
(319, 17, 2, 0, 217.5, '2024-05-04T19:45', NULL, NULL),
(320, 17, 1, 0, 217.5, '2024-05-04T19:45', NULL, NULL),
(321, 17, 71, 217.5, 0, '2024-05-04T19:45', NULL, NULL),
(322, 17, 70, 217.5, 0, '2024-05-04T19:45', NULL, NULL),
(323, 17, 51, 217.5, 0, '2024-05-04T19:45', NULL, NULL),
(324, 17, 43, 217.5, 0, '2024-05-04T19:45', NULL, NULL),
(325, 17, 22, 0, 32.61, '2024-05-04T19:45', NULL, NULL),
(326, 17, 21, 0, 32.61, '2024-05-04T19:45', NULL, NULL),
(327, 17, 18, 0, 32.61, '2024-05-04T19:45', NULL, NULL),
(328, 17, 17, 0, 32.61, '2024-05-04T19:45', NULL, NULL),
(329, 18, 55, 34.25, 0, '2024-05-04', NULL, NULL),
(330, 18, 7, 34.25, 0, '2024-05-04', NULL, NULL),
(331, 18, 2, 34.25, 0, '2024-05-04', NULL, NULL),
(332, 18, 1, 34.25, 0, '2024-05-04', NULL, NULL),
(333, 18, 63, 0, 29.78, '2024-05-04', NULL, NULL),
(334, 18, 35, 0, 29.78, '2024-05-04', NULL, NULL),
(335, 18, 34, 0, 29.78, '2024-05-04', NULL, NULL),
(336, 18, 33, 0, 29.78, '2024-05-04', NULL, NULL),
(337, 18, 14, 0, 4.47, '2024-05-04', NULL, NULL),
(338, 18, 11, 0, 4.47, '2024-05-04', NULL, NULL),
(339, 18, 2, 0, 4.47, '2024-05-04', NULL, NULL),
(340, 18, 1, 0, 4.47, '2024-05-04', NULL, NULL),
(341, 18, 29, 4.8, 0, '2024-05-04', NULL, NULL),
(342, 18, 28, 4.8, 0, '2024-05-04', NULL, NULL),
(343, 18, 24, 4.8, 0, '2024-05-04', NULL, NULL),
(344, 18, 29, 0, 4.8, '2024-05-04', NULL, NULL),
(345, 18, 28, 0, 4.8, '2024-05-04', NULL, NULL),
(346, 18, 24, 0, 4.8, '2024-05-04', NULL, NULL),
(347, 18, 71, 24.98, 0, '2024-05-04', NULL, NULL),
(348, 18, 70, 24.98, 0, '2024-05-04', NULL, NULL),
(349, 18, 51, 24.98, 0, '2024-05-04', NULL, NULL),
(350, 18, 43, 24.98, 0, '2024-05-04', NULL, NULL),
(351, 18, 67, 0, 24.98, '2024-05-04', NULL, NULL),
(352, 18, 8, 0, 24.98, '2024-05-04', NULL, NULL),
(353, 18, 2, 0, 24.98, '2024-05-04', NULL, NULL),
(354, 18, 1, 0, 24.98, '2024-05-04', NULL, NULL),
(355, 19, 61, 34.25, 0, '2024-05-04', NULL, NULL),
(356, 19, 3, 34.25, 0, '2024-05-04', NULL, NULL),
(357, 19, 2, 34.25, 0, '2024-05-04', NULL, NULL),
(358, 19, 1, 34.25, 0, '2024-05-04', NULL, NULL),
(359, 19, 55, 0, 34.25, '2024-05-04', NULL, NULL),
(360, 19, 7, 0, 34.25, '2024-05-04', NULL, NULL),
(361, 19, 2, 0, 34.25, '2024-05-04', NULL, NULL),
(362, 19, 1, 0, 34.25, '2024-05-04', NULL, NULL),
(363, 20, 55, 100, 0, '2024-05-04', NULL, NULL),
(364, 20, 7, 100, 0, '2024-05-04', NULL, NULL),
(365, 20, 2, 100, 0, '2024-05-04', NULL, NULL),
(366, 20, 1, 100, 0, '2024-05-04', NULL, NULL),
(367, 20, 63, 0, 86.96, '2024-05-04', NULL, NULL),
(368, 20, 35, 0, 86.96, '2024-05-04', NULL, NULL),
(369, 20, 34, 0, 86.96, '2024-05-04', NULL, NULL),
(370, 20, 33, 0, 86.96, '2024-05-04', NULL, NULL),
(371, 20, 14, 0, 13.04, '2024-05-04', NULL, NULL),
(372, 20, 11, 0, 13.04, '2024-05-04', NULL, NULL),
(373, 20, 2, 0, 13.04, '2024-05-04', NULL, NULL),
(374, 20, 1, 0, 13.04, '2024-05-04', NULL, NULL),
(375, 20, 29, 26.96, 0, '2024-05-04', NULL, NULL),
(376, 20, 28, 26.96, 0, '2024-05-04', NULL, NULL),
(377, 20, 24, 26.96, 0, '2024-05-04', NULL, NULL),
(378, 20, 29, 0, 26.96, '2024-05-04', NULL, NULL),
(379, 20, 28, 0, 26.96, '2024-05-04', NULL, NULL),
(380, 20, 24, 0, 26.96, '2024-05-04', NULL, NULL),
(381, 20, 71, 60, 0, '2024-05-04', NULL, NULL),
(382, 20, 70, 60, 0, '2024-05-04', NULL, NULL),
(383, 20, 51, 60, 0, '2024-05-04', NULL, NULL),
(384, 20, 43, 60, 0, '2024-05-04', NULL, NULL),
(385, 20, 67, 0, 60, '2024-05-04', NULL, NULL),
(386, 20, 8, 0, 60, '2024-05-04', NULL, NULL),
(387, 20, 2, 0, 60, '2024-05-04', NULL, NULL),
(388, 20, 1, 0, 60, '2024-05-04', NULL, NULL),
(389, 21, 61, 100, 0, '2024-05-04', NULL, NULL),
(390, 21, 3, 100, 0, '2024-05-04', NULL, NULL),
(391, 21, 2, 100, 0, '2024-05-04', NULL, NULL),
(392, 21, 1, 100, 0, '2024-05-04', NULL, NULL),
(393, 21, 55, 0, 100, '2024-05-04', NULL, NULL),
(394, 21, 7, 0, 100, '2024-05-04', NULL, NULL),
(395, 21, 2, 0, 100, '2024-05-04', NULL, NULL),
(396, 21, 1, 0, 100, '2024-05-04', NULL, NULL),
(397, 22, 55, 0, 100, '2024-05-04', NULL, NULL),
(398, 22, 7, 0, 100, '2024-05-04', NULL, NULL),
(399, 22, 2, 0, 100, '2024-05-04', NULL, NULL),
(400, 22, 1, 0, 100, '2024-05-04', NULL, NULL),
(401, 22, 65, 86.96, 0, '2024-05-04', NULL, NULL),
(402, 22, 37, 86.96, 0, '2024-05-04', NULL, NULL),
(403, 22, 34, 86.96, 0, '2024-05-04', NULL, NULL),
(404, 22, 33, 86.96, 0, '2024-05-04', NULL, NULL),
(405, 22, 14, 13.04, 0, '2024-05-04', NULL, NULL),
(406, 22, 11, 13.04, 0, '2024-05-04', NULL, NULL),
(407, 22, 2, 13.04, 0, '2024-05-04', NULL, NULL),
(408, 22, 1, 13.04, 0, '2024-05-04', NULL, NULL),
(409, 22, 29, 0, 26.96, '2024-05-04', NULL, NULL),
(410, 22, 28, 0, 26.96, '2024-05-04', NULL, NULL),
(411, 22, 24, 0, 26.96, '2024-05-04', NULL, NULL),
(412, 22, 29, 26.96, 0, '2024-05-04', NULL, NULL),
(413, 22, 28, 26.96, 0, '2024-05-04', NULL, NULL),
(414, 22, 24, 26.96, 0, '2024-05-04', NULL, NULL),
(415, 22, 71, 0, 60, '2024-05-04', NULL, NULL),
(416, 22, 70, 0, 60, '2024-05-04', NULL, NULL),
(417, 22, 51, 0, 60, '2024-05-04', NULL, NULL),
(418, 22, 43, 0, 60, '2024-05-04', NULL, NULL),
(419, 22, 67, 60, 0, '2024-05-04', NULL, NULL),
(420, 22, 8, 60, 0, '2024-05-04', NULL, NULL),
(421, 22, 2, 60, 0, '2024-05-04', NULL, NULL),
(422, 22, 1, 60, 0, '2024-05-04', NULL, NULL),
(423, 23, 55, 7, 0, '2024-05-04', NULL, NULL),
(424, 23, 7, 7, 0, '2024-05-04', NULL, NULL),
(425, 23, 2, 7, 0, '2024-05-04', NULL, NULL),
(426, 23, 1, 7, 0, '2024-05-04', NULL, NULL),
(427, 23, 63, 0, 6.09, '2024-05-04', NULL, NULL),
(428, 23, 35, 0, 6.09, '2024-05-04', NULL, NULL),
(429, 23, 34, 0, 6.09, '2024-05-04', NULL, NULL),
(430, 23, 33, 0, 6.09, '2024-05-04', NULL, NULL),
(431, 23, 14, 0, 0.91, '2024-05-04', NULL, NULL),
(432, 23, 11, 0, 0.91, '2024-05-04', NULL, NULL),
(433, 23, 2, 0, 0.91, '2024-05-04', NULL, NULL),
(434, 23, 1, 0, 0.91, '2024-05-04', NULL, NULL),
(435, 23, 29, 1.09, 0, '2024-05-04', NULL, NULL),
(436, 23, 28, 1.09, 0, '2024-05-04', NULL, NULL),
(437, 23, 24, 1.09, 0, '2024-05-04', NULL, NULL),
(438, 23, 29, 0, 1.09, '2024-05-04', NULL, NULL),
(439, 23, 28, 0, 1.09, '2024-05-04', NULL, NULL),
(440, 23, 24, 0, 1.09, '2024-05-04', NULL, NULL),
(441, 23, 71, 5, 0, '2024-05-04', NULL, NULL),
(442, 23, 70, 5, 0, '2024-05-04', NULL, NULL),
(443, 23, 51, 5, 0, '2024-05-04', NULL, NULL),
(444, 23, 43, 5, 0, '2024-05-04', NULL, NULL),
(445, 23, 67, 0, 5, '2024-05-04', NULL, NULL),
(446, 23, 8, 0, 5, '2024-05-04', NULL, NULL),
(447, 23, 2, 0, 5, '2024-05-04', NULL, NULL),
(448, 23, 1, 0, 5, '2024-05-04', NULL, NULL),
(449, 24, 61, 7, 0, '2024-05-04', NULL, NULL),
(450, 24, 3, 7, 0, '2024-05-04', NULL, NULL),
(451, 24, 2, 7, 0, '2024-05-04', NULL, NULL),
(452, 24, 1, 7, 0, '2024-05-04', NULL, NULL),
(453, 24, 55, 0, 7, '2024-05-04', NULL, NULL),
(454, 24, 7, 0, 7, '2024-05-04', NULL, NULL),
(455, 24, 2, 0, 7, '2024-05-04', NULL, NULL),
(456, 24, 1, 0, 7, '2024-05-04', NULL, NULL),
(457, 25, 57, 2000, 0, '2024-05-04', NULL, NULL),
(458, 25, 19, 2000, 0, '2024-05-04', NULL, NULL),
(459, 25, 18, 2000, 0, '2024-05-04', NULL, NULL),
(460, 25, 17, 2000, 0, '2024-05-04', NULL, NULL),
(461, 25, 61, 0, 2000, '2024-05-04', NULL, NULL),
(462, 25, 3, 0, 2000, '2024-05-04', NULL, NULL),
(463, 25, 2, 0, 2000, '2024-05-04', NULL, NULL),
(464, 25, 1, 0, 2000, '2024-05-04', NULL, NULL),
(465, 26, 57, 1000, 0, '2024-05-04', NULL, NULL),
(466, 26, 19, 1000, 0, '2024-05-04', NULL, NULL),
(467, 26, 18, 1000, 0, '2024-05-04', NULL, NULL),
(468, 26, 17, 1000, 0, '2024-05-04', NULL, NULL),
(469, 26, 61, 0, 1000, '2024-05-04', NULL, NULL),
(470, 26, 3, 0, 1000, '2024-05-04', NULL, NULL),
(471, 26, 2, 0, 1000, '2024-05-04', NULL, NULL),
(472, 26, 1, 0, 1000, '2024-05-04', NULL, NULL),
(473, 27, 61, 0, 5000, '2024-05-04', NULL, NULL),
(474, 27, 3, 0, 5000, '2024-05-04', NULL, NULL),
(475, 27, 2, 0, 5000, '2024-05-04', NULL, NULL),
(476, 27, 1, 0, 5000, '2024-05-04', NULL, NULL),
(477, 27, 57, 5000, 0, '2024-05-04', NULL, NULL),
(478, 27, 19, 5000, 0, '2024-05-04', NULL, NULL),
(479, 27, 18, 5000, 0, '2024-05-04', NULL, NULL),
(480, 27, 17, 5000, 0, '2024-05-04', NULL, NULL),
(481, 28, 55, 120, 0, '2024-05-04', NULL, NULL),
(482, 28, 7, 120, 0, '2024-05-04', NULL, NULL),
(483, 28, 2, 120, 0, '2024-05-04', NULL, NULL),
(484, 28, 1, 120, 0, '2024-05-04', NULL, NULL),
(485, 28, 63, 0, 104.35, '2024-05-04', NULL, NULL),
(486, 28, 35, 0, 104.35, '2024-05-04', NULL, NULL),
(487, 28, 34, 0, 104.35, '2024-05-04', NULL, NULL),
(488, 28, 33, 0, 104.35, '2024-05-04', NULL, NULL),
(489, 28, 14, 0, 15.65, '2024-05-04', NULL, NULL),
(490, 28, 11, 0, 15.65, '2024-05-04', NULL, NULL),
(491, 28, 2, 0, 15.65, '2024-05-04', NULL, NULL),
(492, 28, 1, 0, 15.65, '2024-05-04', NULL, NULL),
(493, 28, 29, 44.35, 0, '2024-05-04', NULL, NULL),
(494, 28, 28, 44.35, 0, '2024-05-04', NULL, NULL),
(495, 28, 24, 44.35, 0, '2024-05-04', NULL, NULL),
(496, 28, 29, 0, 44.35, '2024-05-04', NULL, NULL),
(497, 28, 28, 0, 44.35, '2024-05-04', NULL, NULL),
(498, 28, 24, 0, 44.35, '2024-05-04', NULL, NULL),
(499, 28, 71, 60, 0, '2024-05-04', NULL, NULL),
(500, 28, 70, 60, 0, '2024-05-04', NULL, NULL),
(501, 28, 51, 60, 0, '2024-05-04', NULL, NULL),
(502, 28, 43, 60, 0, '2024-05-04', NULL, NULL),
(503, 28, 67, 0, 60, '2024-05-04', NULL, NULL),
(504, 28, 8, 0, 60, '2024-05-04', NULL, NULL),
(505, 28, 2, 0, 60, '2024-05-04', NULL, NULL),
(506, 28, 1, 0, 60, '2024-05-04', NULL, NULL),
(507, 29, 61, 120, 0, '2024-05-04', NULL, NULL),
(508, 29, 3, 120, 0, '2024-05-04', NULL, NULL),
(509, 29, 2, 120, 0, '2024-05-04', NULL, NULL),
(510, 29, 1, 120, 0, '2024-05-04', NULL, NULL),
(511, 29, 55, 0, 120, '2024-05-04', NULL, NULL),
(512, 29, 7, 0, 120, '2024-05-04', NULL, NULL),
(513, 29, 2, 0, 120, '2024-05-04', NULL, NULL),
(514, 29, 1, 0, 120, '2024-05-04', NULL, NULL),
(515, 30, 55, 8, 0, '2024-05-04', NULL, NULL),
(516, 30, 7, 8, 0, '2024-05-04', NULL, NULL),
(517, 30, 2, 8, 0, '2024-05-04', NULL, NULL),
(518, 30, 1, 8, 0, '2024-05-04', NULL, NULL),
(519, 30, 63, 0, 6.96, '2024-05-04', NULL, NULL),
(520, 30, 35, 0, 6.96, '2024-05-04', NULL, NULL),
(521, 30, 34, 0, 6.96, '2024-05-04', NULL, NULL),
(522, 30, 33, 0, 6.96, '2024-05-04', NULL, NULL),
(523, 30, 14, 0, 1.04, '2024-05-04', NULL, NULL),
(524, 30, 11, 0, 1.04, '2024-05-04', NULL, NULL),
(525, 30, 2, 0, 1.04, '2024-05-04', NULL, NULL),
(526, 30, 1, 0, 1.04, '2024-05-04', NULL, NULL),
(527, 30, 29, 1.96, 0, '2024-05-04', NULL, NULL),
(528, 30, 28, 1.96, 0, '2024-05-04', NULL, NULL),
(529, 30, 24, 1.96, 0, '2024-05-04', NULL, NULL),
(530, 30, 29, 0, 1.96, '2024-05-04', NULL, NULL),
(531, 30, 28, 0, 1.96, '2024-05-04', NULL, NULL),
(532, 30, 24, 0, 1.96, '2024-05-04', NULL, NULL),
(533, 30, 71, 5, 0, '2024-05-04', NULL, NULL),
(534, 30, 70, 5, 0, '2024-05-04', NULL, NULL),
(535, 30, 51, 5, 0, '2024-05-04', NULL, NULL),
(536, 30, 43, 5, 0, '2024-05-04', NULL, NULL),
(537, 30, 67, 0, 5, '2024-05-04', NULL, NULL),
(538, 30, 8, 0, 5, '2024-05-04', NULL, NULL),
(539, 30, 2, 0, 5, '2024-05-04', NULL, NULL),
(540, 30, 1, 0, 5, '2024-05-04', NULL, NULL),
(541, 31, 61, 8, 0, '2024-05-04', NULL, NULL),
(542, 31, 3, 8, 0, '2024-05-04', NULL, NULL),
(543, 31, 2, 8, 0, '2024-05-04', NULL, NULL),
(544, 31, 1, 8, 0, '2024-05-04', NULL, NULL),
(545, 31, 55, 0, 8, '2024-05-04', NULL, NULL),
(546, 31, 7, 0, 8, '2024-05-04', NULL, NULL),
(547, 31, 2, 0, 8, '2024-05-04', NULL, NULL),
(548, 31, 1, 0, 8, '2024-05-04', NULL, NULL),
(549, 32, 57, 0, 640, '2024-05-04T23:42', NULL, NULL),
(550, 32, 19, 0, 640, '2024-05-04T23:42', NULL, NULL),
(551, 32, 18, 0, 640, '2024-05-04T23:42', NULL, NULL),
(552, 32, 17, 0, 640, '2024-05-04T23:42', NULL, NULL),
(553, 32, 64, 556.52, 0, '2024-05-04T23:42', NULL, NULL),
(554, 32, 45, 556.52, 0, '2024-05-04T23:42', NULL, NULL),
(555, 32, 44, 556.52, 0, '2024-05-04T23:42', NULL, NULL),
(556, 32, 43, 556.52, 0, '2024-05-04T23:42', NULL, NULL),
(557, 32, 67, 556.52, 0, '2024-05-04T23:42', NULL, NULL),
(558, 32, 8, 556.52, 0, '2024-05-04T23:42', NULL, NULL),
(559, 32, 2, 556.52, 0, '2024-05-04T23:42', NULL, NULL),
(560, 32, 1, 556.52, 0, '2024-05-04T23:42', NULL, NULL),
(561, 32, 71, 0, 556.52, '2024-05-04T23:42', NULL, NULL),
(562, 32, 70, 0, 556.52, '2024-05-04T23:42', NULL, NULL),
(563, 32, 51, 0, 556.52, '2024-05-04T23:42', NULL, NULL),
(564, 32, 43, 0, 556.52, '2024-05-04T23:42', NULL, NULL),
(565, 32, 22, 83.48, 0, '2024-05-04T23:42', NULL, NULL),
(566, 32, 21, 83.48, 0, '2024-05-04T23:42', NULL, NULL),
(567, 32, 18, 83.48, 0, '2024-05-04T23:42', NULL, NULL),
(568, 32, 17, 83.48, 0, '2024-05-04T23:42', NULL, NULL),
(569, 33, 55, 320, 0, '2024-05-06', NULL, NULL),
(570, 33, 7, 320, 0, '2024-05-06', NULL, NULL),
(571, 33, 2, 320, 0, '2024-05-06', NULL, NULL),
(572, 33, 1, 320, 0, '2024-05-06', NULL, NULL),
(573, 33, 36, 0, 278.27, '2024-05-06', NULL, NULL),
(574, 33, 35, 0, 278.27, '2024-05-06', NULL, NULL),
(575, 33, 34, 0, 278.27, '2024-05-06', NULL, NULL),
(576, 33, 33, 0, 278.27, '2024-05-06', NULL, NULL),
(577, 33, 14, 0, 41.73, '2024-05-06', NULL, NULL),
(578, 33, 11, 0, 41.73, '2024-05-06', NULL, NULL),
(579, 33, 2, 0, 41.73, '2024-05-06', NULL, NULL),
(580, 33, 1, 0, 41.73, '2024-05-06', NULL, NULL),
(581, 33, 29, 118.27, 0, '2024-05-06', NULL, NULL),
(582, 33, 28, 118.27, 0, '2024-05-06', NULL, NULL),
(583, 33, 24, 118.27, 0, '2024-05-06', NULL, NULL),
(584, 33, 29, 0, 118.27, '2024-05-06', NULL, NULL),
(585, 33, 28, 0, 118.27, '2024-05-06', NULL, NULL),
(586, 33, 24, 0, 118.27, '2024-05-06', NULL, NULL),
(587, 33, 59, 160, 0, '2024-05-06', NULL, NULL),
(588, 33, 52, 160, 0, '2024-05-06', NULL, NULL),
(589, 33, 51, 160, 0, '2024-05-06', NULL, NULL),
(590, 33, 43, 160, 0, '2024-05-06', NULL, NULL),
(591, 33, 9, 0, 160, '2024-05-06', NULL, NULL),
(592, 33, 8, 0, 160, '2024-05-06', NULL, NULL),
(593, 33, 2, 0, 160, '2024-05-06', NULL, NULL),
(594, 33, 1, 0, 160, '2024-05-06', NULL, NULL),
(595, 34, 5, 320, 0, '2024-05-05', NULL, NULL),
(596, 34, 3, 320, 0, '2024-05-05', NULL, NULL),
(597, 34, 2, 320, 0, '2024-05-05', NULL, NULL),
(598, 34, 1, 320, 0, '2024-05-05', NULL, NULL),
(599, 34, 55, 0, 320, '2024-05-05', NULL, NULL),
(600, 34, 7, 0, 320, '2024-05-05', NULL, NULL),
(601, 34, 2, 0, 320, '2024-05-05', NULL, NULL),
(602, 34, 1, 0, 320, '2024-05-05', NULL, NULL),
(603, 35, 72, 800, 0, '2024-05-25', NULL, NULL),
(604, 35, 7, 800, 0, '2024-05-25', NULL, NULL),
(605, 35, 2, 800, 0, '2024-05-25', NULL, NULL),
(606, 35, 1, 800, 0, '2024-05-25', NULL, NULL),
(607, 35, 36, 0, 695.65, '2024-05-25', NULL, NULL),
(608, 35, 35, 0, 695.65, '2024-05-25', NULL, NULL),
(609, 35, 34, 0, 695.65, '2024-05-25', NULL, NULL),
(610, 35, 33, 0, 695.65, '2024-05-25', NULL, NULL),
(611, 35, 14, 0, 104.35, '2024-05-25', NULL, NULL),
(612, 35, 11, 0, 104.35, '2024-05-25', NULL, NULL),
(613, 35, 2, 0, 104.35, '2024-05-25', NULL, NULL),
(614, 35, 1, 0, 104.35, '2024-05-25', NULL, NULL),
(615, 35, 29, 195.65, 0, '2024-05-25', NULL, NULL),
(616, 35, 28, 195.65, 0, '2024-05-25', NULL, NULL),
(617, 35, 24, 195.65, 0, '2024-05-25', NULL, NULL),
(618, 35, 29, 0, 195.65, '2024-05-25', NULL, NULL),
(619, 35, 28, 0, 195.65, '2024-05-25', NULL, NULL),
(620, 35, 24, 0, 195.65, '2024-05-25', NULL, NULL),
(621, 35, 59, 500, 0, '2024-05-25', NULL, NULL),
(622, 35, 52, 500, 0, '2024-05-25', NULL, NULL),
(623, 35, 51, 500, 0, '2024-05-25', NULL, NULL),
(624, 35, 43, 500, 0, '2024-05-25', NULL, NULL),
(625, 35, 9, 0, 500, '2024-05-25', NULL, NULL),
(626, 35, 8, 0, 500, '2024-05-25', NULL, NULL),
(627, 35, 2, 0, 500, '2024-05-25', NULL, NULL),
(628, 35, 1, 0, 500, '2024-05-25', NULL, NULL),
(629, 36, 5, 800, 0, '2024-05-24', NULL, NULL),
(630, 36, 3, 800, 0, '2024-05-24', NULL, NULL),
(631, 36, 2, 800, 0, '2024-05-24', NULL, NULL),
(632, 36, 1, 800, 0, '2024-05-24', NULL, NULL),
(633, 36, 72, 0, 800, '2024-05-24', NULL, NULL),
(634, 36, 7, 0, 800, '2024-05-24', NULL, NULL),
(635, 36, 2, 0, 800, '2024-05-24', NULL, NULL),
(636, 36, 1, 0, 800, '2024-05-24', NULL, NULL),
(637, 37, 55, 800, 0, '2024-04-18', NULL, NULL),
(638, 37, 7, 800, 0, '2024-04-18', NULL, NULL),
(639, 37, 2, 800, 0, '2024-04-18', NULL, NULL),
(640, 37, 1, 800, 0, '2024-04-18', NULL, NULL),
(641, 37, 36, 0, 695.65, '2024-04-18', NULL, NULL),
(642, 37, 35, 0, 695.65, '2024-04-18', NULL, NULL),
(643, 37, 34, 0, 695.65, '2024-04-18', NULL, NULL),
(644, 37, 33, 0, 695.65, '2024-04-18', NULL, NULL),
(645, 37, 14, 0, 104.35, '2024-04-18', NULL, NULL),
(646, 37, 11, 0, 104.35, '2024-04-18', NULL, NULL),
(647, 37, 2, 0, 104.35, '2024-04-18', NULL, NULL),
(648, 37, 1, 0, 104.35, '2024-04-18', NULL, NULL),
(649, 37, 29, 195.65, 0, '2024-04-18', NULL, NULL),
(650, 37, 28, 195.65, 0, '2024-04-18', NULL, NULL),
(651, 37, 24, 195.65, 0, '2024-04-18', NULL, NULL),
(652, 37, 29, 0, 195.65, '2024-04-18', NULL, NULL),
(653, 37, 28, 0, 195.65, '2024-04-18', NULL, NULL),
(654, 37, 24, 0, 195.65, '2024-04-18', NULL, NULL),
(655, 37, 59, 500, 0, '2024-04-18', NULL, NULL),
(656, 37, 52, 500, 0, '2024-04-18', NULL, NULL),
(657, 37, 51, 500, 0, '2024-04-18', NULL, NULL),
(658, 37, 43, 500, 0, '2024-04-18', NULL, NULL),
(659, 37, 9, 0, 500, '2024-04-18', NULL, NULL),
(660, 37, 8, 0, 500, '2024-04-18', NULL, NULL),
(661, 37, 2, 0, 500, '2024-04-18', NULL, NULL),
(662, 37, 1, 0, 500, '2024-04-18', NULL, NULL),
(663, 38, 6, 800, 0, '2024-05-24', NULL, NULL),
(664, 38, 4, 800, 0, '2024-05-24', NULL, NULL),
(665, 38, 2, 800, 0, '2024-05-24', NULL, NULL),
(666, 38, 1, 800, 0, '2024-05-24', NULL, NULL),
(667, 38, 55, 0, 800, '2024-05-24', NULL, NULL),
(668, 38, 7, 0, 800, '2024-05-24', NULL, NULL),
(669, 38, 2, 0, 800, '2024-05-24', NULL, NULL),
(670, 38, 1, 0, 800, '2024-05-24', NULL, NULL),
(671, 39, 72, 800, 0, '2024-04-18', NULL, NULL),
(672, 39, 7, 800, 0, '2024-04-18', NULL, NULL),
(673, 39, 2, 800, 0, '2024-04-18', NULL, NULL),
(674, 39, 1, 800, 0, '2024-04-18', NULL, NULL),
(675, 39, 36, 0, 695.65, '2024-04-18', NULL, NULL),
(676, 39, 35, 0, 695.65, '2024-04-18', NULL, NULL),
(677, 39, 34, 0, 695.65, '2024-04-18', NULL, NULL),
(678, 39, 33, 0, 695.65, '2024-04-18', NULL, NULL),
(679, 39, 14, 0, 104.35, '2024-04-18', NULL, NULL),
(680, 39, 11, 0, 104.35, '2024-04-18', NULL, NULL),
(681, 39, 2, 0, 104.35, '2024-04-18', NULL, NULL),
(682, 39, 1, 0, 104.35, '2024-04-18', NULL, NULL),
(683, 39, 29, 195.65, 0, '2024-04-18', NULL, NULL),
(684, 39, 28, 195.65, 0, '2024-04-18', NULL, NULL),
(685, 39, 24, 195.65, 0, '2024-04-18', NULL, NULL),
(686, 39, 29, 0, 195.65, '2024-04-18', NULL, NULL),
(687, 39, 28, 0, 195.65, '2024-04-18', NULL, NULL),
(688, 39, 24, 0, 195.65, '2024-04-18', NULL, NULL),
(689, 39, 59, 500, 0, '2024-04-18', NULL, NULL),
(690, 39, 52, 500, 0, '2024-04-18', NULL, NULL),
(691, 39, 51, 500, 0, '2024-04-18', NULL, NULL),
(692, 39, 43, 500, 0, '2024-04-18', NULL, NULL),
(693, 39, 9, 0, 500, '2024-04-18', NULL, NULL),
(694, 39, 8, 0, 500, '2024-04-18', NULL, NULL),
(695, 39, 2, 0, 500, '2024-04-18', NULL, NULL),
(696, 39, 1, 0, 500, '2024-04-18', NULL, NULL),
(697, 40, 6, 800, 0, '2024-05-24', NULL, NULL),
(698, 40, 4, 800, 0, '2024-05-24', NULL, NULL),
(699, 40, 2, 800, 0, '2024-05-24', NULL, NULL),
(700, 40, 1, 800, 0, '2024-05-24', NULL, NULL),
(701, 40, 72, 0, 800, '2024-05-24', NULL, NULL),
(702, 40, 7, 0, 800, '2024-05-24', NULL, NULL),
(703, 40, 2, 0, 800, '2024-05-24', NULL, NULL),
(704, 40, 1, 0, 800, '2024-05-24', NULL, NULL),
(705, 41, 55, 1.5, 0, '2025-10-10', NULL, NULL),
(706, 41, 7, 1.5, 0, '2025-10-10', NULL, NULL),
(707, 41, 2, 1.5, 0, '2025-10-10', NULL, NULL),
(708, 41, 1, 1.5, 0, '2025-10-10', NULL, NULL),
(709, 41, 36, 0, 1.3, '2025-10-10', NULL, NULL),
(710, 41, 35, 0, 1.3, '2025-10-10', NULL, NULL),
(711, 41, 34, 0, 1.3, '2025-10-10', NULL, NULL),
(712, 41, 33, 0, 1.3, '2025-10-10', NULL, NULL),
(713, 41, 14, 0, 0.2, '2025-10-10', NULL, NULL),
(714, 41, 11, 0, 0.2, '2025-10-10', NULL, NULL),
(715, 41, 2, 0, 0.2, '2025-10-10', NULL, NULL),
(716, 41, 1, 0, 0.2, '2025-10-10', NULL, NULL),
(717, 41, 29, 0.05, 0, '2025-10-10', NULL, NULL),
(718, 41, 28, 0.05, 0, '2025-10-10', NULL, NULL),
(719, 41, 24, 0.05, 0, '2025-10-10', NULL, NULL),
(720, 41, 29, 0, 0.05, '2025-10-10', NULL, NULL),
(721, 41, 28, 0, 0.05, '2025-10-10', NULL, NULL),
(722, 41, 24, 0, 0.05, '2025-10-10', NULL, NULL),
(723, 41, 59, 1.25, 0, '2025-10-10', NULL, NULL),
(724, 41, 52, 1.25, 0, '2025-10-10', NULL, NULL),
(725, 41, 51, 1.25, 0, '2025-10-10', NULL, NULL),
(726, 41, 43, 1.25, 0, '2025-10-10', NULL, NULL),
(727, 41, 9, 0, 1.25, '2025-10-10', NULL, NULL),
(728, 41, 8, 0, 1.25, '2025-10-10', NULL, NULL),
(729, 41, 2, 0, 1.25, '2025-10-10', NULL, NULL),
(730, 41, 1, 0, 1.25, '2025-10-10', NULL, NULL),
(731, 42, 5, 1.5, 0, '2025-10-10', NULL, NULL),
(732, 42, 3, 1.5, 0, '2025-10-10', NULL, NULL),
(733, 42, 2, 1.5, 0, '2025-10-10', NULL, NULL),
(734, 42, 1, 1.5, 0, '2025-10-10', NULL, NULL),
(735, 42, 55, 0, 1.5, '2025-10-10', NULL, NULL),
(736, 42, 7, 0, 1.5, '2025-10-10', NULL, NULL),
(737, 42, 2, 0, 1.5, '2025-10-10', NULL, NULL),
(738, 42, 1, 0, 1.5, '2025-10-10', NULL, NULL),
(739, 43, 55, 7.5, 0, '2025-10-10', NULL, NULL),
(740, 43, 7, 7.5, 0, '2025-10-10', NULL, NULL),
(741, 43, 2, 7.5, 0, '2025-10-10', NULL, NULL),
(742, 43, 1, 7.5, 0, '2025-10-10', NULL, NULL),
(743, 43, 36, 0, 6.52, '2025-10-10', NULL, NULL),
(744, 43, 35, 0, 6.52, '2025-10-10', NULL, NULL),
(745, 43, 34, 0, 6.52, '2025-10-10', NULL, NULL),
(746, 43, 33, 0, 6.52, '2025-10-10', NULL, NULL),
(747, 43, 14, 0, 0.98, '2025-10-10', NULL, NULL),
(748, 43, 11, 0, 0.98, '2025-10-10', NULL, NULL),
(749, 43, 2, 0, 0.98, '2025-10-10', NULL, NULL),
(750, 43, 1, 0, 0.98, '2025-10-10', NULL, NULL),
(751, 43, 29, 0.25, 0, '2025-10-10', NULL, NULL),
(752, 43, 28, 0.25, 0, '2025-10-10', NULL, NULL),
(753, 43, 24, 0.25, 0, '2025-10-10', NULL, NULL),
(754, 43, 29, 0, 0.25, '2025-10-10', NULL, NULL),
(755, 43, 28, 0, 0.25, '2025-10-10', NULL, NULL),
(756, 43, 24, 0, 0.25, '2025-10-10', NULL, NULL),
(757, 43, 59, 6.27, 0, '2025-10-10', NULL, NULL),
(758, 43, 52, 6.27, 0, '2025-10-10', NULL, NULL),
(759, 43, 51, 6.27, 0, '2025-10-10', NULL, NULL),
(760, 43, 43, 6.27, 0, '2025-10-10', NULL, NULL),
(761, 43, 9, 0, 6.27, '2025-10-10', NULL, NULL),
(762, 43, 8, 0, 6.27, '2025-10-10', NULL, NULL),
(763, 43, 2, 0, 6.27, '2025-10-10', NULL, NULL),
(764, 43, 1, 0, 6.27, '2025-10-10', NULL, NULL),
(765, 44, 55, 6, 0, '2025-10-10', NULL, NULL),
(766, 44, 7, 6, 0, '2025-10-10', NULL, NULL),
(767, 44, 2, 6, 0, '2025-10-10', NULL, NULL),
(768, 44, 1, 6, 0, '2025-10-10', NULL, NULL),
(769, 44, 36, 0, 5.22, '2025-10-10', NULL, NULL),
(770, 44, 35, 0, 5.22, '2025-10-10', NULL, NULL),
(771, 44, 34, 0, 5.22, '2025-10-10', NULL, NULL),
(772, 44, 33, 0, 5.22, '2025-10-10', NULL, NULL),
(773, 44, 14, 0, 0.78, '2025-10-10', NULL, NULL),
(774, 44, 11, 0, 0.78, '2025-10-10', NULL, NULL),
(775, 44, 2, 0, 0.78, '2025-10-10', NULL, NULL),
(776, 44, 1, 0, 0.78, '2025-10-10', NULL, NULL),
(777, 44, 29, 0.2, 0, '2025-10-10', NULL, NULL),
(778, 44, 28, 0.2, 0, '2025-10-10', NULL, NULL),
(779, 44, 24, 0.2, 0, '2025-10-10', NULL, NULL),
(780, 44, 29, 0, 0.2, '2025-10-10', NULL, NULL),
(781, 44, 28, 0, 0.2, '2025-10-10', NULL, NULL),
(782, 44, 24, 0, 0.2, '2025-10-10', NULL, NULL),
(783, 44, 59, 5.02, 0, '2025-10-10', NULL, NULL),
(784, 44, 52, 5.02, 0, '2025-10-10', NULL, NULL),
(785, 44, 51, 5.02, 0, '2025-10-10', NULL, NULL),
(786, 44, 43, 5.02, 0, '2025-10-10', NULL, NULL),
(787, 44, 9, 0, 5.02, '2025-10-10', NULL, NULL),
(788, 44, 8, 0, 5.02, '2025-10-10', NULL, NULL),
(789, 44, 2, 0, 5.02, '2025-10-10', NULL, NULL),
(790, 44, 1, 0, 5.02, '2025-10-10', NULL, NULL),
(791, 45, 55, 1.5, 0, '2025-10-10', NULL, NULL),
(792, 45, 7, 1.5, 0, '2025-10-10', NULL, NULL),
(793, 45, 2, 1.5, 0, '2025-10-10', NULL, NULL),
(794, 45, 1, 1.5, 0, '2025-10-10', NULL, NULL),
(795, 45, 36, 0, 1.3, '2025-10-10', NULL, NULL),
(796, 45, 35, 0, 1.3, '2025-10-10', NULL, NULL),
(797, 45, 34, 0, 1.3, '2025-10-10', NULL, NULL),
(798, 45, 33, 0, 1.3, '2025-10-10', NULL, NULL),
(799, 45, 14, 0, 0.2, '2025-10-10', NULL, NULL),
(800, 45, 11, 0, 0.2, '2025-10-10', NULL, NULL),
(801, 45, 2, 0, 0.2, '2025-10-10', NULL, NULL),
(802, 45, 1, 0, 0.2, '2025-10-10', NULL, NULL),
(803, 45, 29, 0.05, 0, '2025-10-10', NULL, NULL),
(804, 45, 28, 0.05, 0, '2025-10-10', NULL, NULL),
(805, 45, 24, 0.05, 0, '2025-10-10', NULL, NULL),
(806, 45, 29, 0, 0.05, '2025-10-10', NULL, NULL),
(807, 45, 28, 0, 0.05, '2025-10-10', NULL, NULL),
(808, 45, 24, 0, 0.05, '2025-10-10', NULL, NULL),
(809, 45, 59, 1.25, 0, '2025-10-10', NULL, NULL),
(810, 45, 52, 1.25, 0, '2025-10-10', NULL, NULL),
(811, 45, 51, 1.25, 0, '2025-10-10', NULL, NULL),
(812, 45, 43, 1.25, 0, '2025-10-10', NULL, NULL),
(813, 45, 9, 0, 1.25, '2025-10-10', NULL, NULL),
(814, 45, 8, 0, 1.25, '2025-10-10', NULL, NULL),
(815, 45, 2, 0, 1.25, '2025-10-10', NULL, NULL),
(816, 45, 1, 0, 1.25, '2025-10-10', NULL, NULL),
(817, 46, 55, 4.5, 0, '2025-10-10', NULL, NULL),
(818, 46, 7, 4.5, 0, '2025-10-10', NULL, NULL),
(819, 46, 2, 4.5, 0, '2025-10-10', NULL, NULL),
(820, 46, 1, 4.5, 0, '2025-10-10', NULL, NULL),
(821, 46, 36, 0, 3.91, '2025-10-10', NULL, NULL),
(822, 46, 35, 0, 3.91, '2025-10-10', NULL, NULL),
(823, 46, 34, 0, 3.91, '2025-10-10', NULL, NULL),
(824, 46, 33, 0, 3.91, '2025-10-10', NULL, NULL),
(825, 46, 14, 0, 0.59, '2025-10-10', NULL, NULL),
(826, 46, 11, 0, 0.59, '2025-10-10', NULL, NULL),
(827, 46, 2, 0, 0.59, '2025-10-10', NULL, NULL),
(828, 46, 1, 0, 0.59, '2025-10-10', NULL, NULL),
(829, 46, 29, 0.15, 0, '2025-10-10', NULL, NULL),
(830, 46, 28, 0.15, 0, '2025-10-10', NULL, NULL),
(831, 46, 24, 0.15, 0, '2025-10-10', NULL, NULL),
(832, 46, 29, 0, 0.15, '2025-10-10', NULL, NULL),
(833, 46, 28, 0, 0.15, '2025-10-10', NULL, NULL),
(834, 46, 24, 0, 0.15, '2025-10-10', NULL, NULL),
(835, 46, 59, 3.76, 0, '2025-10-10', NULL, NULL),
(836, 46, 52, 3.76, 0, '2025-10-10', NULL, NULL),
(837, 46, 51, 3.76, 0, '2025-10-10', NULL, NULL),
(838, 46, 43, 3.76, 0, '2025-10-10', NULL, NULL),
(839, 46, 9, 0, 3.76, '2025-10-10', NULL, NULL),
(840, 46, 8, 0, 3.76, '2025-10-10', NULL, NULL),
(841, 46, 2, 0, 3.76, '2025-10-10', NULL, NULL),
(842, 46, 1, 0, 3.76, '2025-10-10', NULL, NULL),
(843, 47, 5, 1.5, 0, '2025-10-10', NULL, NULL),
(844, 47, 3, 1.5, 0, '2025-10-10', NULL, NULL),
(845, 47, 2, 1.5, 0, '2025-10-10', NULL, NULL),
(846, 47, 1, 1.5, 0, '2025-10-10', NULL, NULL),
(847, 47, 55, 0, 1.5, '2025-10-10', NULL, NULL),
(848, 47, 7, 0, 1.5, '2025-10-10', NULL, NULL),
(849, 47, 2, 0, 1.5, '2025-10-10', NULL, NULL),
(850, 47, 1, 0, 1.5, '2025-10-10', NULL, NULL),
(851, 48, 6, 3, 0, '2025-10-10', NULL, NULL),
(852, 48, 4, 3, 0, '2025-10-10', NULL, NULL),
(853, 48, 2, 3, 0, '2025-10-10', NULL, NULL),
(854, 48, 1, 3, 0, '2025-10-10', NULL, NULL),
(855, 48, 55, 0, 3, '2025-10-10', NULL, NULL),
(856, 48, 7, 0, 3, '2025-10-10', NULL, NULL),
(857, 48, 2, 0, 3, '2025-10-10', NULL, NULL),
(858, 48, 1, 0, 3, '2025-10-10', NULL, NULL),
(859, 49, 73, 0, 250, '2025-10-10T18:09', NULL, NULL),
(860, 49, 19, 0, 250, '2025-10-10T18:09', NULL, NULL),
(861, 49, 18, 0, 250, '2025-10-10T18:09', NULL, NULL),
(862, 49, 17, 0, 250, '2025-10-10T18:09', NULL, NULL),
(863, 49, 46, 217.39, 0, '2025-10-10T18:09', NULL, NULL),
(864, 49, 45, 217.39, 0, '2025-10-10T18:09', NULL, NULL),
(865, 49, 44, 217.39, 0, '2025-10-10T18:09', NULL, NULL),
(866, 49, 43, 217.39, 0, '2025-10-10T18:09', NULL, NULL),
(867, 49, 9, 217.39, 0, '2025-10-10T18:09', NULL, NULL),
(868, 49, 8, 217.39, 0, '2025-10-10T18:09', NULL, NULL),
(869, 49, 2, 217.39, 0, '2025-10-10T18:09', NULL, NULL),
(870, 49, 1, 217.39, 0, '2025-10-10T18:09', NULL, NULL),
(871, 49, 59, 0, 217.39, '2025-10-10T18:09', NULL, NULL),
(872, 49, 52, 0, 217.39, '2025-10-10T18:09', NULL, NULL),
(873, 49, 51, 0, 217.39, '2025-10-10T18:09', NULL, NULL),
(874, 49, 43, 0, 217.39, '2025-10-10T18:09', NULL, NULL),
(875, 49, 22, 32.61, 0, '2025-10-10T18:09', NULL, NULL),
(876, 49, 21, 32.61, 0, '2025-10-10T18:09', NULL, NULL),
(877, 49, 18, 32.61, 0, '2025-10-10T18:09', NULL, NULL),
(878, 49, 17, 32.61, 0, '2025-10-10T18:09', NULL, NULL),
(879, 50, 73, 0, 125, '2025-10-10T18:12', NULL, NULL),
(880, 50, 19, 0, 125, '2025-10-10T18:12', NULL, NULL),
(881, 50, 18, 0, 125, '2025-10-10T18:12', NULL, NULL),
(882, 50, 17, 0, 125, '2025-10-10T18:12', NULL, NULL),
(883, 50, 46, 108.7, 0, '2025-10-10T18:12', NULL, NULL),
(884, 50, 45, 108.7, 0, '2025-10-10T18:12', NULL, NULL),
(885, 50, 44, 108.7, 0, '2025-10-10T18:12', NULL, NULL),
(886, 50, 43, 108.7, 0, '2025-10-10T18:12', NULL, NULL),
(887, 50, 9, 108.7, 0, '2025-10-10T18:12', NULL, NULL),
(888, 50, 8, 108.7, 0, '2025-10-10T18:12', NULL, NULL),
(889, 50, 2, 108.7, 0, '2025-10-10T18:12', NULL, NULL),
(890, 50, 1, 108.7, 0, '2025-10-10T18:12', NULL, NULL),
(891, 50, 59, 0, 108.7, '2025-10-10T18:12', NULL, NULL),
(892, 50, 52, 0, 108.7, '2025-10-10T18:12', NULL, NULL),
(893, 50, 51, 0, 108.7, '2025-10-10T18:12', NULL, NULL),
(894, 50, 43, 0, 108.7, '2025-10-10T18:12', NULL, NULL),
(895, 50, 22, 16.3, 0, '2025-10-10T18:12', NULL, NULL),
(896, 50, 21, 16.3, 0, '2025-10-10T18:12', NULL, NULL),
(897, 50, 18, 16.3, 0, '2025-10-10T18:12', NULL, NULL),
(898, 50, 17, 16.3, 0, '2025-10-10T18:12', NULL, NULL);

-- --------------------------------------------------------

--
-- Table structure for table `account_settings`
--

CREATE TABLE `account_settings` (
  `id` bigint(20) UNSIGNED NOT NULL,
  `safe_account` int(11) NOT NULL,
  `bank_account` int(11) NOT NULL,
  `sales_account` int(11) NOT NULL,
  `purchase_account` int(11) NOT NULL,
  `return_sales_account` int(11) NOT NULL,
  `return_purchase_account` int(11) NOT NULL,
  `stock_account` int(11) NOT NULL,
  `sales_discount_account` int(11) NOT NULL,
  `purchase_discount_account` int(11) NOT NULL,
  `cost_account` int(11) NOT NULL,
  `reverse_profit_account` int(11) NOT NULL,
  `profit_account` int(11) NOT NULL,
  `sales_tax_account` int(11) NOT NULL,
  `purchase_tax_account` int(11) NOT NULL,
  `sales_tax_excise_account` int(11) NOT NULL,
  `warehouse_id` int(11) NOT NULL DEFAULT 0,
  `branch_id` int(11) NOT NULL,
  `created_at` timestamp NULL DEFAULT NULL,
  `updated_at` timestamp NULL DEFAULT NULL
) ENGINE=MyISAM DEFAULT CHARSET=utf8mb4 COLLATE=utf8mb4_unicode_ci;

--
-- Dumping data for table `account_settings`
--

INSERT INTO `account_settings` (`id`, `safe_account`, `bank_account`, `sales_account`, `purchase_account`, `return_sales_account`, `return_purchase_account`, `stock_account`, `sales_discount_account`, `purchase_discount_account`, `cost_account`, `reverse_profit_account`, `profit_account`, `sales_tax_account`, `purchase_tax_account`, `sales_tax_excise_account`, `warehouse_id`, `branch_id`, `created_at`, `updated_at`) VALUES
(1, 5, 6, 36, 46, 38, 48, 9, 40, 50, 59, 29, 29, 14, 22, 60, 1, 1, '2023-07-27 19:39:50', '2023-07-27 19:39:50'),
(2, 61, 62, 63, 64, 65, 66, 67, 68, 69, 71, 29, 29, 14, 22, 60, 0, 2, '2024-04-27 18:51:28', '2024-04-27 18:51:28');

-- --------------------------------------------------------

--
-- Table structure for table `advance_payments`
--

CREATE TABLE `advance_payments` (
  `id` bigint(20) UNSIGNED NOT NULL,
  `employer_id` int(11) NOT NULL,
  `date` varchar(255) NOT NULL,
  `amount` double NOT NULL,
  `advance_amount` double NOT NULL,
  `remain` double NOT NULL,
  `user_id` int(11) NOT NULL,
  `created_at` timestamp NULL DEFAULT NULL,
  `updated_at` timestamp NULL DEFAULT NULL
) ENGINE=MyISAM DEFAULT CHARSET=utf8mb4 COLLATE=utf8mb4_unicode_ci;

-- --------------------------------------------------------

--
-- Table structure for table `advance_payment_months`
--

CREATE TABLE `advance_payment_months` (
  `id` bigint(20) UNSIGNED NOT NULL,
  `advance_payment_id` int(11) NOT NULL,
  `amount` double NOT NULL,
  `state` int(11) NOT NULL,
  `month` varchar(255) NOT NULL,
  `created_at` timestamp NULL DEFAULT NULL,
  `updated_at` timestamp NULL DEFAULT NULL
) ENGINE=MyISAM DEFAULT CHARSET=utf8mb4 COLLATE=utf8mb4_unicode_ci;

-- --------------------------------------------------------

--
-- Table structure for table `branches`
--

CREATE TABLE `branches` (
  `id` int(11) NOT NULL,
  `branch_name` varchar(255) NOT NULL,
  `branch_phone` varchar(255) DEFAULT NULL,
  `branch_address` varchar(255) DEFAULT NULL,
  `status` tinyint(1) NOT NULL,
  `created_at` timestamp NOT NULL DEFAULT current_timestamp(),
  `updated_at` timestamp NOT NULL DEFAULT current_timestamp()
) ENGINE=InnoDB DEFAULT CHARSET=utf8 COLLATE=utf8_general_ci;

--
-- Dumping data for table `branches`
--

INSERT INTO `branches` (`id`, `branch_name`, `branch_phone`, `branch_address`, `status`, `created_at`, `updated_at`) VALUES
(1, 'فرع 1', '771', 'عنوان 2', 1, '2023-01-01 06:51:49', '2023-07-29 08:33:53'),
(2, 'فرع 2', '0771505198', 'الرياض', 1, '2024-04-27 18:51:28', '2024-04-27 18:51:28');

-- --------------------------------------------------------

--
-- Table structure for table `brands`
--

CREATE TABLE `brands` (
  `id` bigint(20) UNSIGNED NOT NULL,
  `code` varchar(255) DEFAULT NULL,
  `name` varchar(255) NOT NULL,
  `user_id` int(11) NOT NULL,
  `status` tinyint(4) NOT NULL DEFAULT 1,
  `created_at` timestamp NULL DEFAULT NULL,
  `updated_at` timestamp NULL DEFAULT NULL
) ENGINE=MyISAM DEFAULT CHARSET=utf8mb4 COLLATE=utf8mb4_unicode_ci;

--
-- Dumping data for table `brands`
--

INSERT INTO `brands` (`id`, `code`, `name`, `user_id`, `status`, `created_at`, `updated_at`) VALUES
(1, '1', 'بلاس', 0, 1, '2023-07-27 18:25:21', '2024-03-24 19:13:48'),
(2, '', 'ماركة', 1, 1, '2024-03-24 19:18:59', '2024-04-05 17:39:39'),
(3, '', 'كمران', 1, 1, '2024-04-05 17:39:48', '2024-04-18 16:22:36'),
(4, '', 'الربيع', 1, 1, '2024-04-26 11:32:31', '2024-04-26 11:32:31');

-- --------------------------------------------------------

--
-- Table structure for table `cashiers`
--

CREATE TABLE `cashiers` (
  `id` bigint(20) UNSIGNED NOT NULL,
  `company` varchar(255) DEFAULT NULL,
  `name` varchar(255) DEFAULT NULL,
  `address` varchar(255) DEFAULT NULL,
  `commercial_register` varchar(255) DEFAULT NULL,
  `license` varchar(255) DEFAULT NULL,
  `tax_number` varchar(255) DEFAULT NULL,
  `email` varchar(255) DEFAULT NULL,
  `bill_holder1` varchar(255) DEFAULT NULL,
  `bill_holder2` varchar(255) DEFAULT NULL,
  `phone` varchar(255) DEFAULT NULL,
  `created_at` timestamp NULL DEFAULT NULL,
  `updated_at` timestamp NULL DEFAULT NULL
) ENGINE=MyISAM DEFAULT CHARSET=utf8mb4 COLLATE=utf8mb4_unicode_ci;

--
-- Dumping data for table `cashiers`
--

INSERT INTO `cashiers` (`id`, `company`, `name`, `address`, `commercial_register`, `license`, `tax_number`, `email`, `bill_holder1`, `bill_holder2`, `phone`, `created_at`, `updated_at`) VALUES
(1, 'عام', 'كاشير-1', NULL, NULL, '', NULL, NULL, NULL, NULL, '7', '2023-07-27 19:52:43', '2023-07-27 19:52:43'),
(2, 'عام', 'كاشير-2', NULL, NULL, '', NULL, NULL, NULL, NULL, '778', '2023-07-27 19:53:25', '2023-07-27 19:53:25');

-- --------------------------------------------------------

--
-- Table structure for table `catch_recipts`
--

CREATE TABLE `catch_recipts` (
  `id` bigint(20) UNSIGNED NOT NULL,
  `branch_id` int(11) NOT NULL DEFAULT 1,
  `docNumber` varchar(191) NOT NULL,
  `date` date NOT NULL,
  `from_account` int(11) NOT NULL,
  `to_account` int(11) NOT NULL,
  `client` varchar(191) NOT NULL,
  `amount` decimal(8,2) NOT NULL,
  `notes` text NOT NULL,
  `payment_type` int(11) NOT NULL DEFAULT 0,
  `user_id` int(11) NOT NULL,
  `created_at` timestamp NULL DEFAULT NULL,
  `updated_at` timestamp NULL DEFAULT NULL
) ENGINE=MyISAM DEFAULT CHARSET=utf8mb4 COLLATE=utf8mb4_unicode_ci;

-- --------------------------------------------------------

--
-- Table structure for table `categories`
--

CREATE TABLE `categories` (
  `id` bigint(20) UNSIGNED NOT NULL,
  `name` varchar(255) NOT NULL,
  `code` varchar(255) DEFAULT NULL,
  `slug` varchar(255) DEFAULT NULL,
  `description` text DEFAULT NULL,
  `image_url` varchar(255) NOT NULL,
  `parent_id` int(11) NOT NULL,
  `tax_excise` decimal(8,2) DEFAULT 0.00,
  `branch_id` int(11) NOT NULL DEFAULT 1,
  `user_id` int(11) NOT NULL,
  `status` tinyint(4) NOT NULL DEFAULT 1,
  `created_at` timestamp NULL DEFAULT NULL,
  `updated_at` timestamp NULL DEFAULT NULL
) ENGINE=MyISAM DEFAULT CHARSET=utf8mb4 COLLATE=utf8mb4_unicode_ci;

--
-- Dumping data for table `categories`
--

INSERT INTO `categories` (`id`, `name`, `code`, `slug`, `description`, `image_url`, `parent_id`, `tax_excise`, `branch_id`, `user_id`, `status`, `created_at`, `updated_at`) VALUES
(1, 'اجهزة موبايل ومستلزماتها', '1', 'صفاية', '', '1711317992.png', 1, 0.00, 1, 0, 1, '2023-07-27 18:23:41', '2024-03-24 19:06:32'),
(2, 'الكترونيات', '2', '', '', '', 0, 0.00, 1, 0, 1, '2023-07-27 18:24:25', '2023-07-27 18:24:25'),
(3, 'مستلزمات منزلية', '3', 'كاسات', '', '', 0, 0.00, 1, 0, 1, '2023-07-27 18:24:49', '2023-07-27 18:24:49'),
(4, 'مواد غذائية', '', 'مواد غذائية', '', '', 0, 0.00, 1, 1, 1, '2024-03-25 15:42:16', '2024-03-25 15:45:15'),
(5, 'بقوليات', '', 'مواد غذائية', '', '', 0, 0.00, 1, 1, 1, '2024-03-25 15:43:14', '2024-03-25 15:45:25'),
(6, 'خضروات', '', '', '', '', 3, 0.00, 1, 1, 1, '2024-04-05 17:32:09', '2024-04-18 17:42:42'),
(7, 'التبغ ومشتقاته', '', '', '', '', 0, 100.00, 1, 1, 1, '2024-04-18 16:24:53', '2024-04-18 18:19:03'),
(8, 'مشروبات الطاقة', '', '', '', '', 0, 100.00, 1, 1, 1, '2024-04-18 17:23:53', '2024-04-18 18:19:14'),
(9, 'مشروبات غازية', '', '', '', '', 0, 50.00, 1, 1, 1, '2024-04-18 18:01:56', '2024-04-18 18:19:25'),
(10, 'مشروبات محلاه', '', '', '', '', 0, 50.00, 1, 1, 1, '2024-04-18 18:02:13', '2024-04-18 18:19:34');

-- --------------------------------------------------------

--
-- Table structure for table `companies`
--

CREATE TABLE `companies` (
  `id` bigint(20) UNSIGNED NOT NULL,
  `group_id` int(11) NOT NULL,
  `group_name` varchar(255) NOT NULL,
  `customer_group_id` int(11) NOT NULL,
  `customer_group_name` varchar(255) NOT NULL,
  `name` varchar(255) NOT NULL,
  `company` varchar(255) NOT NULL,
  `vat_no` varchar(255) NOT NULL,
  `address` text NOT NULL,
  `city` varchar(255) NOT NULL,
  `state` varchar(255) NOT NULL,
  `postal_code` varchar(255) NOT NULL,
  `country` varchar(255) NOT NULL,
  `email` varchar(255) NOT NULL,
  `phone` varchar(255) NOT NULL,
  `invoice_footer` text NOT NULL,
  `logo` text NOT NULL,
  `award_points` double NOT NULL DEFAULT 0,
  `deposit_amount` double DEFAULT 0,
  `opening_balance` double DEFAULT 0,
  `account_id` int(11) NOT NULL DEFAULT 0,
  `credit_amount` double NOT NULL DEFAULT 0,
  `stop_sale` int(11) NOT NULL DEFAULT 0,
  `representative_id_` int(11) DEFAULT 0,
  `user_id` int(11) NOT NULL,
  `status` tinyint(4) NOT NULL DEFAULT 1,
  `created_at` timestamp NULL DEFAULT NULL,
  `updated_at` timestamp NULL DEFAULT NULL
) ENGINE=MyISAM DEFAULT CHARSET=utf8mb4 COLLATE=utf8mb4_unicode_ci;

--
-- Dumping data for table `companies`
--

INSERT INTO `companies` (`id`, `group_id`, `group_name`, `customer_group_id`, `customer_group_name`, `name`, `company`, `vat_no`, `address`, `city`, `state`, `postal_code`, `country`, `email`, `phone`, `invoice_footer`, `logo`, `award_points`, `deposit_amount`, `opening_balance`, `account_id`, `credit_amount`, `stop_sale`, `representative_id_`, `user_id`, `status`, `created_at`, `updated_at`) VALUES
(1, 3, '', 3, '', 'عميل نقدي افتراضي', 'عام', '', '', '', '', '', '', '', '', '', '', 0, 135, 0, 55, 0, 0, 0, 1, 1, '2023-07-27 19:56:00', '2025-10-10 11:54:52'),
(2, 4, '', 0, '', 'مورد نقدي افتراضي', 'مورد نقدي افتراضي', '0', '', '', '', '', '', '', '771505198', '', '', 0, 0, 0, 56, 0, 0, 0, 1, 1, '2023-07-27 19:58:03', '2024-04-27 17:56:08'),
(4, 4, '', 0, '', 'لازوردي', 'لازوردي', '7878767676111', 'الرياض', '', '', '', '', 'info@admin.com', '0777123133', '', '', 0, 404900, 0, 57, 0, 0, 0, 1, 1, '2024-04-07 18:59:53', '2024-05-04 17:43:11'),
(5, 3, '', 3, '', 'عميل جديد', 'عميل جديد', '10987654321', 'جدة', '', '', '', '', 'admin@mocsi.com', '0770001110', '', '', 0, 0, 0, 58, 0, 0, 0, 1, 1, '2024-04-07 19:04:35', '2024-04-26 19:40:15'),
(6, 3, '', 3, '', 'شركة زبرجد للنقليات', 'شركة زبرجد للنقليات', '311963468300003', 'الرياض - حي الحمراء', '', '', '', '', 'info@admin.com', '0', '', '', 0, 0, 0, 72, 0, 0, 0, 1, 1, '2024-05-24 19:20:41', '2024-05-24 19:32:44'),
(7, 4, '', 0, '', 'بيبسي', 'بيبسي', '1233456666666', 'العزيزية,اسواق وثلاجة وادي قريس', '', '', '', '', 'ةثييي', '05555555', '', '', 0, 375, 0, 73, 0, 0, 0, 1, 1, '2025-10-10 12:08:42', '2025-10-10 12:13:34'),
(8, 4, '', 0, '', 'مؤسسة فن الاحتراف', 'مؤسسة فن الاحتراف', '311254600003', 'شارع اسلام اباد', '', '', '', '', 'eb@eb.com', '0551133431', '', '', 0, 0, 100, 74, 0, 0, 0, 1, 1, '2025-10-17 14:41:37', '2025-10-17 14:41:37'),
(9, 4, '', 0, '', 'محمممم', 'محمممم', '12223334344', 'شارع اسلام اباد', '', '', '', '', 'Info@admin.com', '0551133431', '', '', 0, 0, 500, 75, 0, 0, 0, 1, 1, '2025-10-17 14:42:37', '2025-10-17 14:42:37');

-- --------------------------------------------------------

--
-- Table structure for table `company_infos`
--

CREATE TABLE `company_infos` (
  `id` bigint(20) UNSIGNED NOT NULL,
  `name_ar` varchar(191) DEFAULT NULL,
  `name_en` varchar(191) DEFAULT NULL,
  `faild_ar` varchar(255) DEFAULT NULL,
  `faild_en` varchar(255) DEFAULT NULL,
  `phone` varchar(191) DEFAULT NULL,
  `phone2` varchar(191) DEFAULT NULL,
  `fax` varchar(191) DEFAULT NULL,
  `email` varchar(191) DEFAULT NULL,
  `website` varchar(191) DEFAULT NULL,
  `taxNumber` varchar(191) DEFAULT NULL,
  `registrationNumber` varchar(191) DEFAULT NULL,
  `address` text DEFAULT NULL,
  `currency_ar` varchar(191) DEFAULT NULL,
  `currency_en` varchar(191) DEFAULT NULL,
  `currency_label` varchar(191) DEFAULT NULL,
  `currency_label_en` varchar(191) DEFAULT '',
  `logo` varchar(191) DEFAULT NULL,
  `user_id` int(11) NOT NULL,
  `created_at` timestamp NULL DEFAULT NULL,
  `updated_at` timestamp NULL DEFAULT NULL
) ENGINE=MyISAM DEFAULT CHARSET=utf8mb4 COLLATE=utf8mb4_unicode_ci;

--
-- Dumping data for table `company_infos`
--

INSERT INTO `company_infos` (`id`, `name_ar`, `name_en`, `faild_ar`, `faild_en`, `phone`, `phone2`, `fax`, `email`, `website`, `taxNumber`, `registrationNumber`, `address`, `currency_ar`, `currency_en`, `currency_label`, `currency_label_en`, `logo`, `user_id`, `created_at`, `updated_at`) VALUES
(1, 'شركة وصف الجزيرة للانظمة الامنية', 'WASF ALJAZEERA COMPANY FOR CCTV', 'للتجارة العامة', NULL, '0597650084', NULL, '0114466312', 'info@admin.com', NULL, '311176155400003', '1010645874', 'ر.س', 'ريال سعودي', NULL, 'ر.س', NULL, NULL, 1, '2023-06-11 08:02:03', '2024-05-24 19:30:29');

-- --------------------------------------------------------

--
-- Table structure for table `currencies`
--

CREATE TABLE `currencies` (
  `id` bigint(20) UNSIGNED NOT NULL,
  `code` varchar(255) NOT NULL,
  `name` varchar(255) NOT NULL,
  `symbol` varchar(255) NOT NULL,
  `created_at` timestamp NULL DEFAULT NULL,
  `updated_at` timestamp NULL DEFAULT NULL
) ENGINE=MyISAM DEFAULT CHARSET=utf8mb4 COLLATE=utf8mb4_unicode_ci;

--
-- Dumping data for table `currencies`
--

INSERT INTO `currencies` (`id`, `code`, `name`, `symbol`, `created_at`, `updated_at`) VALUES
(1, '1', 'ريال سعودي', 'SAR', '2023-07-27 18:17:04', '2023-07-27 18:17:04'),
(2, '2', 'الدولار', 'USD', '2023-07-27 18:18:03', '2023-07-27 18:18:03');

-- --------------------------------------------------------

--
-- Table structure for table `customer_groups`
--

CREATE TABLE `customer_groups` (
  `id` bigint(20) UNSIGNED NOT NULL,
  `name` varchar(255) NOT NULL,
  `discount_percentage` decimal(8,2) NOT NULL,
  `sell_with_cost` tinyint(1) NOT NULL,
  `enable_discount` tinyint(1) NOT NULL,
  `created_at` timestamp NULL DEFAULT NULL,
  `updated_at` timestamp NULL DEFAULT NULL
) ENGINE=MyISAM DEFAULT CHARSET=utf8mb4 COLLATE=utf8mb4_unicode_ci;

--
-- Dumping data for table `customer_groups`
--

INSERT INTO `customer_groups` (`id`, `name`, `discount_percentage`, `sell_with_cost`, `enable_discount`, `created_at`, `updated_at`) VALUES
(1, 'عملاء الجملة', 10.00, 0, 0, '2023-07-27 19:50:12', '2024-03-24 20:40:43'),
(2, 'عملاء نصف جملة', 5.00, 0, 0, '2023-07-27 19:50:33', '2023-07-27 19:50:33'),
(3, 'عملاء قطاعي', 0.00, 0, 0, '2023-07-27 19:50:53', '2023-07-27 19:50:53');

-- --------------------------------------------------------

--
-- Table structure for table `deductions`
--

CREATE TABLE `deductions` (
  `id` bigint(20) UNSIGNED NOT NULL,
  `employer_id` int(11) NOT NULL,
  `date` varchar(255) NOT NULL,
  `amount` double NOT NULL,
  `reason` varchar(255) NOT NULL,
  `user_id` int(11) NOT NULL,
  `created_at` timestamp NULL DEFAULT NULL,
  `updated_at` timestamp NULL DEFAULT NULL
) ENGINE=MyISAM DEFAULT CHARSET=utf8mb4 COLLATE=utf8mb4_unicode_ci;

-- --------------------------------------------------------

--
-- Table structure for table `employers`
--

CREATE TABLE `employers` (
  `id` bigint(20) UNSIGNED NOT NULL,
  `name` varchar(255) NOT NULL,
  `phone` varchar(255) NOT NULL,
  `address` varchar(255) NOT NULL,
  `employer_category_id` int(11) NOT NULL,
  `salary` int(11) NOT NULL,
  `additional_salary` double NOT NULL,
  `created_at` timestamp NULL DEFAULT NULL,
  `updated_at` timestamp NULL DEFAULT NULL
) ENGINE=MyISAM DEFAULT CHARSET=utf8mb4 COLLATE=utf8mb4_unicode_ci;

-- --------------------------------------------------------

--
-- Table structure for table `employer_categories`
--

CREATE TABLE `employer_categories` (
  `id` bigint(20) UNSIGNED NOT NULL,
  `code` varchar(255) NOT NULL,
  `name` varchar(255) NOT NULL,
  `created_at` timestamp NULL DEFAULT NULL,
  `updated_at` timestamp NULL DEFAULT NULL
) ENGINE=MyISAM DEFAULT CHARSET=utf8mb4 COLLATE=utf8mb4_unicode_ci;

-- --------------------------------------------------------

--
-- Table structure for table `expenses`
--

CREATE TABLE `expenses` (
  `id` bigint(20) UNSIGNED NOT NULL,
  `date` date NOT NULL,
  `docNumber` varchar(191) NOT NULL,
  `branch_id` int(11) NOT NULL,
  `from_account` int(11) NOT NULL,
  `to_account` int(11) NOT NULL,
  `client` varchar(191) NOT NULL,
  `amount` decimal(8,2) NOT NULL,
  `notes` text NOT NULL,
  `payment_type` int(11) NOT NULL DEFAULT 0,
  `user_id` int(11) NOT NULL,
  `created_at` timestamp NULL DEFAULT NULL,
  `updated_at` timestamp NULL DEFAULT NULL
) ENGINE=MyISAM DEFAULT CHARSET=utf8mb4 COLLATE=utf8mb4_unicode_ci;

--
-- Dumping data for table `expenses`
--

INSERT INTO `expenses` (`id`, `date`, `docNumber`, `branch_id`, `from_account`, `to_account`, `client`, `amount`, `notes`, `payment_type`, `user_id`, `created_at`, `updated_at`) VALUES
(1, '2024-05-04', 'EXSM-2-000001', 2, 61, 57, '', 5000.00, '', -1, 2, '2024-05-04 17:40:21', '2024-05-04 17:40:21');

-- --------------------------------------------------------

--
-- Table structure for table `expenses_categories`
--

CREATE TABLE `expenses_categories` (
  `id` bigint(20) UNSIGNED NOT NULL,
  `code` varchar(255) DEFAULT NULL,
  `name` varchar(255) NOT NULL,
  `account_id` int(11) NOT NULL DEFAULT 0,
  `status` tinyint(4) NOT NULL DEFAULT 1,
  `created_at` timestamp NULL DEFAULT NULL,
  `updated_at` timestamp NULL DEFAULT NULL
) ENGINE=MyISAM DEFAULT CHARSET=utf8mb4 COLLATE=utf8mb4_unicode_ci;

--
-- Dumping data for table `expenses_categories`
--

INSERT INTO `expenses_categories` (`id`, `code`, `name`, `account_id`, `status`, `created_at`, `updated_at`) VALUES
(1, '1', 'حساب الديانة', 20, 1, '2023-07-27 19:47:23', '2023-07-27 19:47:23'),
(2, '2', 'حساب العملاء', 7, 1, '2024-03-24 20:16:28', '2024-03-24 20:16:28'),
(3, '', 'حساب 3', 10, 1, '2024-03-24 20:20:43', '2024-03-24 20:21:44'),
(4, '', 'جديد', 32, 1, '2024-04-05 17:48:41', '2024-04-05 17:49:14');

-- --------------------------------------------------------

--
-- Table structure for table `expenses_old`
--

CREATE TABLE `expenses_old` (
  `id` bigint(20) UNSIGNED NOT NULL,
  `date` varchar(255) NOT NULL,
  `bill_number` varchar(255) NOT NULL,
  `expenses_category` int(11) NOT NULL,
  `warehouse_id` int(11) NOT NULL,
  `amount` decimal(12,2) NOT NULL,
  `payment_type` int(11) NOT NULL,
  `notes` text DEFAULT NULL,
  `branch_id` int(11) NOT NULL,
  `user_id` int(11) NOT NULL,
  `status` tinyint(4) NOT NULL DEFAULT 1,
  `created_at` timestamp NULL DEFAULT NULL,
  `updated_at` timestamp NULL DEFAULT NULL
) ENGINE=MyISAM DEFAULT CHARSET=utf8mb4 COLLATE=utf8mb4_unicode_ci;

--
-- Dumping data for table `expenses_old`
--

INSERT INTO `expenses_old` (`id`, `date`, `bill_number`, `expenses_category`, `warehouse_id`, `amount`, `payment_type`, `notes`, `branch_id`, `user_id`, `status`, `created_at`, `updated_at`) VALUES
(1, '2024-04-21', 'EXP000001', 1, 1, 2000.00, 0, '', 1, 1, 1, '2024-04-21 16:39:41', '2024-04-21 16:39:41');

-- --------------------------------------------------------

--
-- Table structure for table `failed_jobs`
--

CREATE TABLE `failed_jobs` (
  `id` bigint(20) UNSIGNED NOT NULL,
  `uuid` varchar(255) NOT NULL,
  `connection` text NOT NULL,
  `queue` text NOT NULL,
  `payload` longtext NOT NULL,
  `exception` longtext NOT NULL,
  `failed_at` timestamp NOT NULL DEFAULT current_timestamp()
) ENGINE=MyISAM DEFAULT CHARSET=utf8mb4 COLLATE=utf8mb4_unicode_ci;

-- --------------------------------------------------------

--
-- Table structure for table `inventorys`
--

CREATE TABLE `inventorys` (
  `id` bigint(20) UNSIGNED NOT NULL,
  `branch_id` int(11) NOT NULL DEFAULT 1,
  `warehouse_id` int(11) NOT NULL DEFAULT 0,
  `date` date DEFAULT NULL,
  `state` tinyint(4) NOT NULL DEFAULT 0,
  `user_id` int(11) NOT NULL,
  `created_at` timestamp NULL DEFAULT NULL,
  `updated_at` timestamp NULL DEFAULT NULL
) ENGINE=MyISAM DEFAULT CHARSET=utf8mb4 COLLATE=utf8mb4_unicode_ci;

--
-- Dumping data for table `inventorys`
--

INSERT INTO `inventorys` (`id`, `branch_id`, `warehouse_id`, `date`, `state`, `user_id`, `created_at`, `updated_at`) VALUES
(1, 1, 1, '2024-05-05', 1, 1, '2024-05-05 18:58:56', '2024-05-05 18:59:16'),
(2, 1, 1, '2025-09-08', 1, 1, '2025-09-08 09:44:04', '2025-10-10 12:17:39'),
(3, 1, 1, '2025-11-03', 1, 1, '2025-11-03 07:50:51', '2025-11-03 07:51:17'),
(4, 1, 1, '2025-11-03', 1, 1, '2025-11-03 08:06:38', '2025-11-03 08:06:56'),
(5, 1, 0, '2025-11-05', 0, 1, '2025-11-05 10:22:57', '2025-11-05 10:22:57');

-- --------------------------------------------------------

--
-- Table structure for table `inventory_details`
--

CREATE TABLE `inventory_details` (
  `id` bigint(20) NOT NULL,
  `inventory_id` int(11) NOT NULL,
  `unit` int(11) NOT NULL,
  `item_id` int(11) NOT NULL,
  `quantity` double NOT NULL,
  `new_quantity` double NOT NULL,
  `state` int(11) NOT NULL DEFAULT 1,
  `user_id` int(11) NOT NULL,
  `created_at` timestamp NULL DEFAULT NULL,
  `updated_at` timestamp NULL DEFAULT NULL
) ENGINE=MyISAM DEFAULT CHARSET=utf8mb4 COLLATE=utf8mb4_unicode_ci;

--
-- Dumping data for table `inventory_details`
--

INSERT INTO `inventory_details` (`id`, `inventory_id`, `unit`, `item_id`, `quantity`, `new_quantity`, `state`, `user_id`, `created_at`, `updated_at`) VALUES
(1, 1, 3, 6, 100, 90, 1, 1, '2024-05-05 18:59:16', '2024-05-05 18:59:58'),
(2, 1, 2, 8, 100, 0, 1, 1, '2024-05-05 18:59:20', '2024-05-05 18:59:20'),
(3, 1, 3, 10, 100, 0, 1, 1, '2024-05-05 18:59:24', '2024-05-05 18:59:24'),
(4, 1, 1, 2, 100, 0, 1, 1, '2024-05-05 18:59:29', '2024-05-05 18:59:29'),
(5, 1, 3, 33, 99, 100, 1, 1, '2024-05-05 18:59:36', '2024-05-05 18:59:56'),
(6, 2, 3, 36, 286, 200, 1, 1, '2025-10-10 12:17:39', '2025-10-10 12:18:09'),
(7, 3, 3, 10, 100, 90, 1, 1, '2025-11-03 07:51:17', '2025-11-03 07:51:28'),
(8, 4, 1, 1, 100, 0, 1, 1, '2025-11-03 08:06:56', '2025-11-03 08:06:56');

-- --------------------------------------------------------

--
-- Table structure for table `journals`
--

CREATE TABLE `journals` (
  `id` bigint(20) UNSIGNED NOT NULL,
  `branch_id` int(11) NOT NULL DEFAULT 1,
  `date` varchar(255) NOT NULL,
  `basedon_no` varchar(255) NOT NULL,
  `basedon_id` int(11) NOT NULL,
  `baseon_text` varchar(255) NOT NULL,
  `total_credit` double NOT NULL,
  `total_debit` double NOT NULL,
  `notes` varchar(255) NOT NULL,
  `created_at` timestamp NULL DEFAULT NULL,
  `updated_at` timestamp NULL DEFAULT NULL
) ENGINE=MyISAM DEFAULT CHARSET=utf8mb4 COLLATE=utf8mb4_unicode_ci;

--
-- Dumping data for table `journals`
--

INSERT INTO `journals` (`id`, `branch_id`, `date`, `basedon_no`, `basedon_id`, `baseon_text`, `total_credit`, `total_debit`, `notes`, `created_at`, `updated_at`) VALUES
(1, 1, '2024-05-04T19:21', 'PU-1-000001', 1, 'فاتورة مشتريات', 0, 0, '', NULL, NULL),
(2, 1, '2024-05-04T19:23', 'PU-1-000002', 2, 'فاتورة مشتريات', 0, 0, '', NULL, NULL),
(3, 1, '2024-05-04T19:27', 'PU-1-000003', 3, 'فاتورة مشتريات', 0, 0, '', NULL, NULL),
(4, 1, '2024-05-04T19:28', 'PUR-1-000001', 4, 'مردود مشتريات', 0, 0, '', NULL, NULL),
(5, 1, '2024-05-04', 'SA-1-000001', 1, 'فاتورة مبيعات', 0, 0, '', NULL, NULL),
(6, 1, '2024-05-04', 'ME-1-000001', 1, 'مستند قبض', 0, 0, '', NULL, NULL),
(7, 1, '2024-05-04', 'SA-1-000002', 2, 'فاتورة مبيعات', 0, 0, '', NULL, NULL),
(8, 1, '2024-05-04', 'ME-1-000002', 2, 'مستند قبض', 0, 0, '', NULL, NULL),
(9, 1, '2024-05-04', 'SA-1-000003', 3, 'فاتورة مبيعات', 0, 0, '', NULL, NULL),
(10, 1, '2024-05-04', 'ME-1-000003', 3, 'مستند قبض', 0, 0, '', NULL, NULL),
(11, 1, '2024-05-04', 'RSA-1-000001', 4, 'مرتجع مبيعات', 0, 0, '', NULL, NULL),
(12, 1, '2024-05-04T19:35', 'PU-1-000004', 5, 'فاتورة مشتريات', 0, 0, '', NULL, NULL),
(13, 2, '2024-05-04T19:37', 'PU-2-000001', 6, 'فاتورة مشتريات', 0, 0, '', NULL, NULL),
(14, 2, '2024-05-04T19:41', 'PU-2-000002', 7, 'فاتورة مشتريات', 0, 0, '', NULL, NULL),
(15, 2, '2024-05-04T19:44', 'PU-2-000003', 8, 'فاتورة مشتريات', 0, 0, '', NULL, NULL),
(16, 2, '2024-05-04T19:45', 'PU-2-000004', 9, 'فاتورة مشتريات', 0, 0, '', NULL, NULL),
(17, 2, '2024-05-04T19:45', 'PUR-2-000001', 10, 'مردود مشتريات', 0, 0, '', NULL, NULL),
(18, 2, '2024-05-04', 'SA-2-000001', 5, 'فاتورة مبيعات', 0, 0, '', NULL, NULL),
(19, 2, '2024-05-04', 'ME-2-000001', 4, 'مستند قبض', 0, 0, '', NULL, NULL),
(20, 2, '2024-05-04', 'SA-2-000002', 6, 'فاتورة مبيعات', 0, 0, '', NULL, NULL),
(21, 2, '2024-05-04', 'ME-2-000002', 5, 'مستند قبض', 0, 0, '', NULL, NULL),
(22, 2, '2024-05-04', 'RSA-2-000001', 7, 'مرتجع مبيعات', 0, 0, '', NULL, NULL),
(23, 2, '2024-05-04', 'SA-2-000003', 8, 'فاتورة مبيعات', 0, 0, '', NULL, NULL),
(24, 2, '2024-05-04', 'ME-2-000003', 6, 'مستند قبض', 0, 0, '', NULL, NULL),
(25, 2, '2024-05-04', 'ME-2-000004', 7, 'مستند صرف', 0, 0, '', NULL, NULL),
(26, 2, '2024-05-04', 'ME-2-000005', 8, 'مستند صرف', 0, 0, '', NULL, NULL),
(27, 2, '2024-05-04', 'EXSM-2-000001', 1, 'سند صرف', 0, 0, '', NULL, NULL),
(28, 2, '2024-05-04', 'SA-2-000004', 9, 'فاتورة مبيعات', 0, 0, '', NULL, NULL),
(29, 2, '2024-05-04', 'ME-2-000006', 9, 'مستند قبض', 0, 0, '', NULL, NULL),
(30, 2, '2024-05-04', 'SA-2-000005', 10, 'فاتورة مبيعات', 0, 0, '', NULL, NULL),
(31, 2, '2024-05-04', 'ME-2-000007', 10, 'مستند قبض', 0, 0, '', NULL, NULL),
(32, 2, '2024-05-04T23:42', 'PU-2-000005', 11, 'فاتورة مشتريات', 0, 0, '', NULL, NULL),
(33, 1, '2024-05-06', 'SA-1-000004', 11, 'فاتورة مبيعات', 0, 0, '', NULL, NULL),
(34, 1, '2024-05-05', 'ME-1-000004', 11, 'مستند قبض', 0, 0, '', NULL, NULL),
(35, 1, '2024-05-25', 'SA-1-000005', 12, 'فاتورة مبيعات', 0, 0, '', NULL, NULL),
(36, 1, '2024-05-24', 'ME-1-000005', 12, 'مستند قبض', 0, 0, '', NULL, NULL),
(37, 1, '2024-04-18', 'SA-1-000006', 13, 'فاتورة مبيعات', 0, 0, '', NULL, NULL),
(38, 1, '2024-05-24', 'ME-1-000006', 13, 'تحويل بنكي فيزا', 0, 0, '', NULL, NULL),
(39, 1, '2024-04-18', 'SA-1-000007', 14, 'فاتورة مبيعات', 0, 0, '', NULL, NULL),
(40, 1, '2024-05-24', 'ME-1-000007', 14, 'تحويل بنكي فيزا', 0, 0, '', NULL, NULL),
(41, 1, '2025-10-10', 'SA-1-000008', 15, 'فاتورة مبيعات', 0, 0, '', NULL, NULL),
(42, 1, '2025-10-10', 'ME-1-000008', 15, 'مستند قبض', 0, 0, '', NULL, NULL),
(43, 1, '2025-10-10', 'SA-1-000009', 16, 'فاتورة مبيعات', 0, 0, '', NULL, NULL),
(44, 1, '2025-10-10', 'SA-1-000010', 17, 'فاتورة مبيعات', 0, 0, '', NULL, NULL),
(45, 1, '2025-10-10', 'SA-1-000011', 18, 'فاتورة مبيعات', 0, 0, '', NULL, NULL),
(46, 1, '2025-10-10', 'SA-1-000012', 19, 'فاتورة مبيعات', 0, 0, '', NULL, NULL),
(47, 1, '2025-10-10', 'ME-1-000009', 16, 'مستند قبض', 0, 0, '', NULL, NULL),
(48, 1, '2025-10-10', 'ME-1-000010', 17, 'تحويل بنكي فيزا', 0, 0, '', NULL, NULL),
(49, 1, '2025-10-10T18:09', 'PU-1-000005', 12, 'فاتورة مشتريات', 0, 0, '', NULL, NULL),
(50, 1, '2025-10-10T18:12', 'PU-1-000006', 13, 'فاتورة مشتريات', 0, 0, '', NULL, NULL);

-- --------------------------------------------------------

--
-- Table structure for table `journal_details`
--

CREATE TABLE `journal_details` (
  `id` bigint(20) UNSIGNED NOT NULL,
  `journal_id` int(11) NOT NULL,
  `account_id` int(11) NOT NULL,
  `debit` double NOT NULL,
  `credit` double NOT NULL,
  `ledger_id` int(11) NOT NULL,
  `notes` varchar(255) NOT NULL,
  `created_at` timestamp NULL DEFAULT NULL,
  `updated_at` timestamp NULL DEFAULT NULL
) ENGINE=MyISAM DEFAULT CHARSET=utf8mb4 COLLATE=utf8mb4_unicode_ci;

--
-- Dumping data for table `journal_details`
--

INSERT INTO `journal_details` (`id`, `journal_id`, `account_id`, `debit`, `credit`, `ledger_id`, `notes`, `created_at`, `updated_at`) VALUES
(1, 1, 57, 0, 20250, 4, '', NULL, NULL),
(2, 1, 46, 17608.7, 0, 0, '', NULL, NULL),
(3, 1, 9, 17608.7, 0, 0, '', NULL, NULL),
(4, 1, 59, 0, 17608.7, 0, '', NULL, NULL),
(5, 1, 22, 2641.3, 0, 0, '', NULL, NULL),
(6, 2, 57, 0, 183000, 4, '', NULL, NULL),
(7, 2, 46, 159130.43, 0, 0, '', NULL, NULL),
(8, 2, 9, 159130.43, 0, 0, '', NULL, NULL),
(9, 2, 59, 0, 159130.43, 0, '', NULL, NULL),
(10, 2, 22, 23869.57, 0, 0, '', NULL, NULL),
(11, 3, 57, 0, 100, 4, '', NULL, NULL),
(12, 3, 46, 86.96, 0, 0, '', NULL, NULL),
(13, 3, 9, 86.96, 0, 0, '', NULL, NULL),
(14, 3, 59, 0, 86.96, 0, '', NULL, NULL),
(15, 3, 22, 13.04, 0, 0, '', NULL, NULL),
(16, 4, 57, 100, 0, 4, '', NULL, NULL),
(17, 4, 48, 0, 87, 0, '', NULL, NULL),
(18, 4, 9, 0, 87, 0, '', NULL, NULL),
(19, 4, 59, 87, 0, 0, '', NULL, NULL),
(20, 4, 22, 0, 13.04, 0, '', NULL, NULL),
(21, 5, 55, 12, 0, 1, '', NULL, NULL),
(22, 5, 36, 0, 11.43, 0, '', NULL, NULL),
(23, 5, 14, 0, 0.57, 0, '', NULL, NULL),
(24, 5, 29, 5.43, 0, 0, '', NULL, NULL),
(25, 5, 29, 0, 5.43, 0, '', NULL, NULL),
(26, 5, 59, 6, 0, 0, '', NULL, NULL),
(27, 5, 9, 0, 6, 0, '', NULL, NULL),
(28, 6, 5, 12, 0, 0, '', NULL, NULL),
(29, 6, 55, 0, 12, 0, '', NULL, NULL),
(30, 7, 55, 200, 0, 1, '', NULL, NULL),
(31, 7, 36, 0, 173.92, 0, '', NULL, NULL),
(32, 7, 14, 0, 26.08, 0, '', NULL, NULL),
(33, 7, 29, 73.92, 0, 0, '', NULL, NULL),
(34, 7, 29, 0, 73.92, 0, '', NULL, NULL),
(35, 7, 59, 100, 0, 0, '', NULL, NULL),
(36, 7, 9, 0, 100, 0, '', NULL, NULL),
(37, 8, 5, 200, 0, 0, '', NULL, NULL),
(38, 8, 55, 0, 200, 0, '', NULL, NULL),
(39, 9, 55, 50, 0, 1, '', NULL, NULL),
(40, 9, 36, 0, 43.48, 0, '', NULL, NULL),
(41, 9, 14, 0, 6.52, 0, '', NULL, NULL),
(42, 9, 29, 13.48, 0, 0, '', NULL, NULL),
(43, 9, 29, 0, 13.48, 0, '', NULL, NULL),
(44, 9, 59, 30, 0, 0, '', NULL, NULL),
(45, 9, 9, 0, 30, 0, '', NULL, NULL),
(46, 10, 5, 50, 0, 0, '', NULL, NULL),
(47, 10, 55, 0, 50, 0, '', NULL, NULL),
(48, 11, 55, 0, 50, 1, '', NULL, NULL),
(49, 11, 38, 43.48, 0, 0, '', NULL, NULL),
(50, 11, 14, 6.52, 0, 0, '', NULL, NULL),
(51, 11, 29, 0, 13.48, 0, '', NULL, NULL),
(52, 11, 29, 13.48, 0, 0, '', NULL, NULL),
(53, 11, 59, 0, 30, 0, '', NULL, NULL),
(54, 11, 9, 30, 0, 0, '', NULL, NULL),
(55, 12, 57, 0, 1330, 4, '', NULL, NULL),
(56, 12, 46, 1156.52, 0, 0, '', NULL, NULL),
(57, 12, 9, 1156.52, 0, 0, '', NULL, NULL),
(58, 12, 59, 0, 1156.52, 0, '', NULL, NULL),
(59, 12, 22, 173.48, 0, 0, '', NULL, NULL),
(60, 13, 57, 0, 19080, 4, '', NULL, NULL),
(61, 13, 64, 16591.31, 0, 0, '', NULL, NULL),
(62, 13, 67, 16591.31, 0, 0, '', NULL, NULL),
(63, 13, 71, 0, 16591.31, 0, '', NULL, NULL),
(64, 13, 22, 2488.69, 0, 0, '', NULL, NULL),
(65, 14, 57, 0, 183000, 4, '', NULL, NULL),
(66, 14, 64, 159130.43, 0, 0, '', NULL, NULL),
(67, 14, 67, 159130.43, 0, 0, '', NULL, NULL),
(68, 14, 71, 0, 159130.43, 0, '', NULL, NULL),
(69, 14, 22, 23869.57, 0, 0, '', NULL, NULL),
(70, 15, 57, 0, 600, 4, '', NULL, NULL),
(71, 15, 64, 521.74, 0, 0, '', NULL, NULL),
(72, 15, 67, 521.74, 0, 0, '', NULL, NULL),
(73, 15, 71, 0, 521.74, 0, '', NULL, NULL),
(74, 15, 22, 78.26, 0, 0, '', NULL, NULL),
(75, 16, 57, 0, 250, 4, '', NULL, NULL),
(76, 16, 64, 217.39, 0, 0, '', NULL, NULL),
(77, 16, 67, 217.39, 0, 0, '', NULL, NULL),
(78, 16, 71, 0, 217.39, 0, '', NULL, NULL),
(79, 16, 22, 32.61, 0, 0, '', NULL, NULL),
(80, 17, 57, 250, 0, 4, '', NULL, NULL),
(81, 17, 66, 0, 217.5, 0, '', NULL, NULL),
(82, 17, 67, 0, 217.5, 0, '', NULL, NULL),
(83, 17, 71, 217.5, 0, 0, '', NULL, NULL),
(84, 17, 22, 0, 32.61, 0, '', NULL, NULL),
(85, 18, 55, 34.25, 0, 1, '', NULL, NULL),
(86, 18, 63, 0, 29.78, 0, '', NULL, NULL),
(87, 18, 14, 0, 4.47, 0, '', NULL, NULL),
(88, 18, 29, 4.8, 0, 0, '', NULL, NULL),
(89, 18, 29, 0, 4.8, 0, '', NULL, NULL),
(90, 18, 71, 24.98, 0, 0, '', NULL, NULL),
(91, 18, 67, 0, 24.98, 0, '', NULL, NULL),
(92, 19, 61, 34.25, 0, 0, '', NULL, NULL),
(93, 19, 55, 0, 34.25, 0, '', NULL, NULL),
(94, 20, 55, 100, 0, 1, '', NULL, NULL),
(95, 20, 63, 0, 86.96, 0, '', NULL, NULL),
(96, 20, 14, 0, 13.04, 0, '', NULL, NULL),
(97, 20, 29, 26.96, 0, 0, '', NULL, NULL),
(98, 20, 29, 0, 26.96, 0, '', NULL, NULL),
(99, 20, 71, 60, 0, 0, '', NULL, NULL),
(100, 20, 67, 0, 60, 0, '', NULL, NULL),
(101, 21, 61, 100, 0, 0, '', NULL, NULL),
(102, 21, 55, 0, 100, 0, '', NULL, NULL),
(103, 22, 55, 0, 100, 1, '', NULL, NULL),
(104, 22, 65, 86.96, 0, 0, '', NULL, NULL),
(105, 22, 14, 13.04, 0, 0, '', NULL, NULL),
(106, 22, 29, 0, 26.96, 0, '', NULL, NULL),
(107, 22, 29, 26.96, 0, 0, '', NULL, NULL),
(108, 22, 71, 0, 60, 0, '', NULL, NULL),
(109, 22, 67, 60, 0, 0, '', NULL, NULL),
(110, 23, 55, 7, 0, 1, '', NULL, NULL),
(111, 23, 63, 0, 6.09, 0, '', NULL, NULL),
(112, 23, 14, 0, 0.91, 0, '', NULL, NULL),
(113, 23, 29, 1.09, 0, 0, '', NULL, NULL),
(114, 23, 29, 0, 1.09, 0, '', NULL, NULL),
(115, 23, 71, 5, 0, 0, '', NULL, NULL),
(116, 23, 67, 0, 5, 0, '', NULL, NULL),
(117, 24, 61, 7, 0, 0, '', NULL, NULL),
(118, 24, 55, 0, 7, 0, '', NULL, NULL),
(119, 25, 57, 2000, 0, 0, '', NULL, NULL),
(120, 25, 61, 0, 2000, 0, '', NULL, NULL),
(121, 26, 57, 1000, 0, 0, '', NULL, NULL),
(122, 26, 61, 0, 1000, 0, '', NULL, NULL),
(123, 27, 61, 0, 5000, 0, '', NULL, NULL),
(124, 27, 57, 5000, 0, 0, '', NULL, NULL),
(125, 28, 55, 120, 0, 1, '', NULL, NULL),
(126, 28, 63, 0, 104.35, 0, '', NULL, NULL),
(127, 28, 14, 0, 15.65, 0, '', NULL, NULL),
(128, 28, 29, 44.35, 0, 0, '', NULL, NULL),
(129, 28, 29, 0, 44.35, 0, '', NULL, NULL),
(130, 28, 71, 60, 0, 0, '', NULL, NULL),
(131, 28, 67, 0, 60, 0, '', NULL, NULL),
(132, 29, 61, 120, 0, 0, '', NULL, NULL),
(133, 29, 55, 0, 120, 0, '', NULL, NULL),
(134, 30, 55, 8, 0, 1, '', NULL, NULL),
(135, 30, 63, 0, 6.96, 0, '', NULL, NULL),
(136, 30, 14, 0, 1.04, 0, '', NULL, NULL),
(137, 30, 29, 1.96, 0, 0, '', NULL, NULL),
(138, 30, 29, 0, 1.96, 0, '', NULL, NULL),
(139, 30, 71, 5, 0, 0, '', NULL, NULL),
(140, 30, 67, 0, 5, 0, '', NULL, NULL),
(141, 31, 61, 8, 0, 0, '', NULL, NULL),
(142, 31, 55, 0, 8, 0, '', NULL, NULL),
(143, 32, 57, 0, 640, 4, '', NULL, NULL),
(144, 32, 64, 556.52, 0, 0, '', NULL, NULL),
(145, 32, 67, 556.52, 0, 0, '', NULL, NULL),
(146, 32, 71, 0, 556.52, 0, '', NULL, NULL),
(147, 32, 22, 83.48, 0, 0, '', NULL, NULL),
(148, 33, 55, 320, 0, 1, '', NULL, NULL),
(149, 33, 36, 0, 278.27, 0, '', NULL, NULL),
(150, 33, 14, 0, 41.73, 0, '', NULL, NULL),
(151, 33, 29, 118.27, 0, 0, '', NULL, NULL),
(152, 33, 29, 0, 118.27, 0, '', NULL, NULL),
(153, 33, 59, 160, 0, 0, '', NULL, NULL),
(154, 33, 9, 0, 160, 0, '', NULL, NULL),
(155, 34, 5, 320, 0, 0, '', NULL, NULL),
(156, 34, 55, 0, 320, 0, '', NULL, NULL),
(157, 35, 72, 800, 0, 6, '', NULL, NULL),
(158, 35, 36, 0, 695.65, 0, '', NULL, NULL),
(159, 35, 14, 0, 104.35, 0, '', NULL, NULL),
(160, 35, 29, 195.65, 0, 0, '', NULL, NULL),
(161, 35, 29, 0, 195.65, 0, '', NULL, NULL),
(162, 35, 59, 500, 0, 0, '', NULL, NULL),
(163, 35, 9, 0, 500, 0, '', NULL, NULL),
(164, 36, 5, 800, 0, 0, '', NULL, NULL),
(165, 36, 72, 0, 800, 0, '', NULL, NULL),
(166, 37, 55, 800, 0, 1, '', NULL, NULL),
(167, 37, 36, 0, 695.65, 0, '', NULL, NULL),
(168, 37, 14, 0, 104.35, 0, '', NULL, NULL),
(169, 37, 29, 195.65, 0, 0, '', NULL, NULL),
(170, 37, 29, 0, 195.65, 0, '', NULL, NULL),
(171, 37, 59, 500, 0, 0, '', NULL, NULL),
(172, 37, 9, 0, 500, 0, '', NULL, NULL),
(173, 38, 6, 800, 0, 0, '', NULL, NULL),
(174, 38, 55, 0, 800, 0, '', NULL, NULL),
(175, 39, 72, 800, 0, 6, '', NULL, NULL),
(176, 39, 36, 0, 695.65, 0, '', NULL, NULL),
(177, 39, 14, 0, 104.35, 0, '', NULL, NULL),
(178, 39, 29, 195.65, 0, 0, '', NULL, NULL),
(179, 39, 29, 0, 195.65, 0, '', NULL, NULL),
(180, 39, 59, 500, 0, 0, '', NULL, NULL),
(181, 39, 9, 0, 500, 0, '', NULL, NULL),
(182, 40, 6, 800, 0, 0, '', NULL, NULL),
(183, 40, 72, 0, 800, 0, '', NULL, NULL),
(184, 41, 55, 1.5, 0, 1, '', NULL, NULL),
(185, 41, 36, 0, 1.3, 0, '', NULL, NULL),
(186, 41, 14, 0, 0.2, 0, '', NULL, NULL),
(187, 41, 29, 0.05, 0, 0, '', NULL, NULL),
(188, 41, 29, 0, 0.05, 0, '', NULL, NULL),
(189, 41, 59, 1.25, 0, 0, '', NULL, NULL),
(190, 41, 9, 0, 1.25, 0, '', NULL, NULL),
(191, 42, 5, 1.5, 0, 0, '', NULL, NULL),
(192, 42, 55, 0, 1.5, 0, '', NULL, NULL),
(193, 43, 55, 7.5, 0, 1, '', NULL, NULL),
(194, 43, 36, 0, 6.52, 0, '', NULL, NULL),
(195, 43, 14, 0, 0.98, 0, '', NULL, NULL),
(196, 43, 29, 0.25, 0, 0, '', NULL, NULL),
(197, 43, 29, 0, 0.25, 0, '', NULL, NULL),
(198, 43, 59, 6.27, 0, 0, '', NULL, NULL),
(199, 43, 9, 0, 6.27, 0, '', NULL, NULL),
(200, 44, 55, 6, 0, 1, '', NULL, NULL),
(201, 44, 36, 0, 5.22, 0, '', NULL, NULL),
(202, 44, 14, 0, 0.78, 0, '', NULL, NULL),
(203, 44, 29, 0.2, 0, 0, '', NULL, NULL),
(204, 44, 29, 0, 0.2, 0, '', NULL, NULL),
(205, 44, 59, 5.02, 0, 0, '', NULL, NULL),
(206, 44, 9, 0, 5.02, 0, '', NULL, NULL),
(207, 45, 55, 1.5, 0, 1, '', NULL, NULL),
(208, 45, 36, 0, 1.3, 0, '', NULL, NULL),
(209, 45, 14, 0, 0.2, 0, '', NULL, NULL),
(210, 45, 29, 0.05, 0, 0, '', NULL, NULL),
(211, 45, 29, 0, 0.05, 0, '', NULL, NULL),
(212, 45, 59, 1.25, 0, 0, '', NULL, NULL),
(213, 45, 9, 0, 1.25, 0, '', NULL, NULL),
(214, 46, 55, 4.5, 0, 1, '', NULL, NULL),
(215, 46, 36, 0, 3.91, 0, '', NULL, NULL),
(216, 46, 14, 0, 0.59, 0, '', NULL, NULL),
(217, 46, 29, 0.15, 0, 0, '', NULL, NULL),
(218, 46, 29, 0, 0.15, 0, '', NULL, NULL),
(219, 46, 59, 3.76, 0, 0, '', NULL, NULL),
(220, 46, 9, 0, 3.76, 0, '', NULL, NULL),
(221, 47, 5, 1.5, 0, 0, '', NULL, NULL),
(222, 47, 55, 0, 1.5, 0, '', NULL, NULL),
(223, 48, 6, 3, 0, 0, '', NULL, NULL),
(224, 48, 55, 0, 3, 0, '', NULL, NULL),
(225, 49, 73, 0, 250, 7, '', NULL, NULL),
(226, 49, 46, 217.39, 0, 0, '', NULL, NULL),
(227, 49, 9, 217.39, 0, 0, '', NULL, NULL),
(228, 49, 59, 0, 217.39, 0, '', NULL, NULL),
(229, 49, 22, 32.61, 0, 0, '', NULL, NULL),
(230, 50, 73, 0, 125, 7, '', NULL, NULL),
(231, 50, 46, 108.7, 0, 0, '', NULL, NULL),
(232, 50, 9, 108.7, 0, 0, '', NULL, NULL),
(233, 50, 59, 0, 108.7, 0, '', NULL, NULL),
(234, 50, 22, 16.3, 0, 0, '', NULL, NULL);

-- --------------------------------------------------------

--
-- Table structure for table `migrations`
--

CREATE TABLE `migrations` (
  `id` int(10) UNSIGNED NOT NULL,
  `migration` varchar(255) NOT NULL,
  `batch` int(11) NOT NULL
) ENGINE=MyISAM DEFAULT CHARSET=utf8mb4 COLLATE=utf8mb4_unicode_ci;

--
-- Dumping data for table `migrations`
--

INSERT INTO `migrations` (`id`, `migration`, `batch`) VALUES
(1, '2014_10_12_000000_create_users_table', 1),
(2, '2014_10_12_100000_create_password_resets_table', 2),
(3, '2019_08_19_000000_create_failed_jobs_table', 3),
(4, '2019_12_14_000001_create_personal_access_tokens_table', 4),
(5, '2022_12_07_221527_create_customer_groups_table', 4),
(6, '2022_12_08_113150_create_categories_table', 4),
(7, '2022_12_08_113446_create_expenses_categories_table', 4),
(8, '2022_12_08_113458_create_units_table', 4),
(9, '2022_12_08_113510_create_brands_table', 4),
(10, '2022_12_08_113524_create_tax_rates_table', 4),
(11, '2022_12_08_113536_create_warehouses_table', 4),
(12, '2022_12_08_114158_create_currencies_table', 4),
(13, '2022_12_15_111551_create_companies_table', 4),
(14, '2022_12_19_083204_create_products_table', 4),
(15, '2022_12_19_083446_create_product_units_table', 4),
(16, '2022_12_19_083504_create_warehouse_products_table', 4),
(17, '2022_12_21_122231_create_system_settings_table', 4),
(18, '2022_12_22_115216_create_pos_settings_table', 4),
(19, '2022_12_22_121716_create_cashiers_table', 4),
(20, '2022_12_24_111823_create_user_groups_table', 4),
(21, '2022_12_26_084759_create_update_quntities_table', 4),
(22, '2022_12_26_084812_create_update_quntity_details_table', 4),
(23, '2022_12_28_211853_create_sales_table', 4),
(24, '2022_12_28_211945_create_sale_details_table', 4),
(25, '2023_01_10_190049_create_purchases_table', 4),
(26, '2023_01_10_193205_create_purchase_details_table', 4),
(27, '2023_01_16_102439_create_payments_table', 4),
(28, '2023_01_16_230132_add_sale_id_to_sales', 4),
(29, '2023_01_18_122024_create_vendor_movements_table', 4),
(30, '2023_01_30_091413_create_accounts_trees_table', 4),
(31, '2023_01_30_120054_create_account_settings_table', 4),
(32, '2023_01_30_131709_create_journals_table', 4),
(33, '2023_01_30_131807_create_journal_details_table', 4),
(34, '2023_01_30_132603_create_account_movements_table', 4),
(35, '2023_02_02_203322_create_expenses_table', 4),
(36, '2023_02_03_190025_add_enable_inventory_to_settings_table', 4),
(37, '2023_02_03_190025_add_end_date_to_settings_table', 4),
(38, '2023_02_08_101342_add_taxnumber_to_warehouse_table', 4),
(39, '2023_04_05_212857_create_employer_categories_table', 4),
(40, '2023_04_05_213023_create_employers_table', 4),
(41, '2023_04_05_220811_create_deductions_table', 4),
(42, '2023_04_05_220823_create_rewards_table', 4),
(43, '2023_04_05_220912_create_advance_payments_table', 4),
(44, '2023_04_05_225558_create_advance_payment_months_table', 4),
(45, '2023_04_06_115135_create_salary_docs_table', 4),
(46, '2023_04_06_115301_create_salary_doc_details_table', 4),
(47, '2023_04_12_141201_create_representatives_table', 4),
(48, '2023_04_12_141602_add_representative_id_to_companies_table', 4),
(49, '2023_04_18_110352_create_visits_table', 4);

-- --------------------------------------------------------

--
-- Table structure for table `model_has_permissions`
--

CREATE TABLE `model_has_permissions` (
  `permission_id` bigint(20) UNSIGNED NOT NULL,
  `model_type` varchar(255) NOT NULL,
  `model_id` bigint(20) UNSIGNED NOT NULL
) ENGINE=InnoDB DEFAULT CHARSET=utf8 COLLATE=utf8_general_ci;

--
-- Dumping data for table `model_has_permissions`
--

INSERT INTO `model_has_permissions` (`permission_id`, `model_type`, `model_id`) VALUES
(1, 'App\\Models\\User', 1),
(2, 'App\\Models\\User', 1),
(3, 'App\\Models\\User', 1),
(4, 'App\\Models\\User', 1),
(5, 'App\\Models\\User', 1),
(6, 'App\\Models\\User', 1),
(7, 'App\\Models\\User', 1),
(8, 'App\\Models\\User', 1),
(9, 'App\\Models\\User', 1),
(10, 'App\\Models\\User', 1),
(11, 'App\\Models\\User', 1),
(12, 'App\\Models\\User', 1),
(18, 'App\\Models\\User', 1),
(19, 'App\\Models\\User', 1),
(20, 'App\\Models\\User', 1),
(21, 'App\\Models\\User', 1),
(22, 'App\\Models\\User', 1),
(22, 'App\\Models\\User', 2),
(22, 'App\\Models\\User', 3),
(23, 'App\\Models\\User', 1),
(23, 'App\\Models\\User', 2),
(23, 'App\\Models\\User', 3),
(26, 'App\\Models\\User', 1),
(26, 'App\\Models\\User', 2),
(26, 'App\\Models\\User', 3),
(27, 'App\\Models\\User', 1),
(27, 'App\\Models\\User', 2),
(27, 'App\\Models\\User', 3),
(30, 'App\\Models\\User', 1),
(30, 'App\\Models\\User', 2),
(30, 'App\\Models\\User', 3),
(31, 'App\\Models\\User', 1),
(31, 'App\\Models\\User', 2),
(31, 'App\\Models\\User', 3),
(34, 'App\\Models\\User', 1),
(34, 'App\\Models\\User', 2),
(34, 'App\\Models\\User', 3),
(35, 'App\\Models\\User', 1),
(35, 'App\\Models\\User', 2),
(35, 'App\\Models\\User', 3),
(38, 'App\\Models\\User', 1),
(38, 'App\\Models\\User', 2),
(38, 'App\\Models\\User', 3),
(39, 'App\\Models\\User', 1),
(39, 'App\\Models\\User', 2),
(39, 'App\\Models\\User', 3),
(40, 'App\\Models\\User', 1),
(41, 'App\\Models\\User', 1),
(42, 'App\\Models\\User', 1),
(42, 'App\\Models\\User', 2),
(42, 'App\\Models\\User', 3),
(43, 'App\\Models\\User', 1),
(43, 'App\\Models\\User', 2),
(43, 'App\\Models\\User', 3),
(44, 'App\\Models\\User', 1),
(45, 'App\\Models\\User', 1),
(46, 'App\\Models\\User', 1),
(46, 'App\\Models\\User', 2),
(46, 'App\\Models\\User', 3),
(47, 'App\\Models\\User', 1),
(47, 'App\\Models\\User', 2),
(47, 'App\\Models\\User', 3),
(48, 'App\\Models\\User', 1),
(49, 'App\\Models\\User', 1),
(50, 'App\\Models\\User', 1),
(51, 'App\\Models\\User', 1),
(52, 'App\\Models\\User', 1),
(53, 'App\\Models\\User', 1),
(54, 'App\\Models\\User', 1),
(54, 'App\\Models\\User', 2),
(54, 'App\\Models\\User', 3),
(55, 'App\\Models\\User', 1),
(55, 'App\\Models\\User', 2),
(55, 'App\\Models\\User', 3),
(56, 'App\\Models\\User', 1),
(57, 'App\\Models\\User', 1),
(62, 'App\\Models\\User', 1),
(62, 'App\\Models\\User', 2),
(62, 'App\\Models\\User', 3),
(63, 'App\\Models\\User', 1),
(63, 'App\\Models\\User', 2),
(63, 'App\\Models\\User', 3),
(64, 'App\\Models\\User', 1),
(65, 'App\\Models\\User', 1),
(66, 'App\\Models\\User', 1),
(67, 'App\\Models\\User', 1),
(68, 'App\\Models\\User', 1),
(69, 'App\\Models\\User', 1),
(70, 'App\\Models\\User', 1),
(70, 'App\\Models\\User', 2),
(70, 'App\\Models\\User', 3),
(71, 'App\\Models\\User', 1),
(71, 'App\\Models\\User', 2),
(71, 'App\\Models\\User', 3),
(72, 'App\\Models\\User', 1),
(72, 'App\\Models\\User', 2),
(72, 'App\\Models\\User', 3),
(73, 'App\\Models\\User', 1),
(73, 'App\\Models\\User', 2),
(73, 'App\\Models\\User', 3),
(74, 'App\\Models\\User', 1),
(74, 'App\\Models\\User', 2),
(74, 'App\\Models\\User', 3),
(75, 'App\\Models\\User', 2),
(75, 'App\\Models\\User', 3);

-- --------------------------------------------------------

--
-- Table structure for table `model_has_roles`
--

CREATE TABLE `model_has_roles` (
  `role_id` bigint(20) UNSIGNED NOT NULL,
  `model_type` varchar(255) NOT NULL,
  `model_id` bigint(20) UNSIGNED NOT NULL
) ENGINE=InnoDB DEFAULT CHARSET=utf8 COLLATE=utf8_general_ci;

--
-- Dumping data for table `model_has_roles`
--

INSERT INTO `model_has_roles` (`role_id`, `model_type`, `model_id`) VALUES
(1, 'App\\Models\\User', 1),
(2, 'App\\Models\\User', 2),
(2, 'App\\Models\\User', 3),
(2, 'App\\Models\\User', 4),
(3, 'App\\Models\\User', 3),
(3, 'App\\Models\\User', 5),
(3, 'App\\Models\\User', 6),
(3, 'App\\Models\\User', 7),
(3, 'App\\Models\\User', 9);

-- --------------------------------------------------------

--
-- Table structure for table `password_resets`
--

CREATE TABLE `password_resets` (
  `email` varchar(255) NOT NULL,
  `token` varchar(255) NOT NULL,
  `created_at` timestamp NULL DEFAULT NULL
) ENGINE=MyISAM DEFAULT CHARSET=utf8mb4 COLLATE=utf8mb4_unicode_ci;

-- --------------------------------------------------------

--
-- Table structure for table `payments`
--

CREATE TABLE `payments` (
  `id` bigint(20) UNSIGNED NOT NULL,
  `date` date NOT NULL,
  `doc_number` varchar(50) DEFAULT NULL,
  `purchase_id` int(11) DEFAULT NULL,
  `sale_id` int(11) DEFAULT NULL,
  `company_id` int(11) NOT NULL DEFAULT 0,
  `amount` double NOT NULL DEFAULT 0,
  `paid_by` varchar(255) NOT NULL DEFAULT 'CC',
  `remain` double NOT NULL DEFAULT 0,
  `branch_id` int(11) NOT NULL,
  `based_on_bill_number` varchar(50) NOT NULL,
  `user_id` int(11) NOT NULL DEFAULT 0,
  `created_at` timestamp NULL DEFAULT NULL,
  `updated_at` timestamp NULL DEFAULT NULL
) ENGINE=MyISAM DEFAULT CHARSET=utf8mb4 COLLATE=utf8mb4_unicode_ci;

--
-- Dumping data for table `payments`
--

INSERT INTO `payments` (`id`, `date`, `doc_number`, `purchase_id`, `sale_id`, `company_id`, `amount`, `paid_by`, `remain`, `branch_id`, `based_on_bill_number`, `user_id`, `created_at`, `updated_at`) VALUES
(1, '2024-05-04', 'ME-1-000001', NULL, 1, 1, 12, 'cash', 0, 1, 'SA-1-000001', 1, '2024-05-04 13:29:51', '2024-05-04 13:29:51'),
(2, '2024-05-04', 'ME-1-000002', NULL, 2, 1, 200, 'cash', 0, 1, 'SA-1-000002', 1, '2024-05-04 13:30:57', '2024-05-04 13:30:57'),
(3, '2024-05-04', 'ME-1-000003', NULL, 3, 1, 50, 'cash', 0, 1, 'SA-1-000003', 1, '2024-05-04 13:31:34', '2024-05-04 13:31:34'),
(4, '2024-05-04', 'ME-2-000001', NULL, 5, 1, 34.25, 'cash', 0, 2, 'SA-2-000001', 2, '2024-05-04 13:46:29', '2024-05-04 13:46:29'),
(5, '2024-05-04', 'ME-2-000002', NULL, 6, 1, 100, 'cash', 0, 2, 'SA-2-000002', 2, '2024-05-04 13:47:24', '2024-05-04 13:47:24'),
(6, '2024-05-04', 'ME-2-000003', NULL, 8, 1, 7, 'cash', 0, 2, 'SA-2-000003', 2, '2024-05-04 17:35:49', '2024-05-04 17:35:49'),
(7, '2024-05-04', 'ME-2-000004', 6, NULL, 4, 2000, 'cash', 17080, 2, 'PU-2-000001', 2, '2024-05-04 17:37:59', '2024-05-04 17:37:59'),
(8, '2024-05-04', 'ME-2-000005', 6, NULL, 4, 1000, 'cash', 18080, 2, 'PU-2-000001', 2, '2024-05-04 17:39:08', '2024-05-04 17:39:08'),
(9, '2024-05-04', 'ME-2-000006', NULL, 9, 1, 120, 'cash', 0, 2, 'SA-2-000004', 2, '2024-05-04 17:41:11', '2024-05-04 17:41:11'),
(10, '2024-05-04', 'ME-2-000007', NULL, 10, 1, 8, 'cash', 0, 2, 'SA-2-000005', 2, '2024-05-04 17:42:03', '2024-05-04 17:42:03'),
(11, '2024-05-05', 'ME-1-000004', NULL, 11, 1, 320, 'cash', 0, 1, 'SA-1-000004', 1, '2024-05-05 18:41:18', '2024-05-05 18:41:18'),
(12, '2024-05-24', 'ME-1-000005', NULL, 12, 6, 800, 'cash', 0, 1, 'SA-1-000005', 1, '2024-05-24 19:21:25', '2024-05-24 19:21:25'),
(13, '2024-05-24', 'ME-1-000006', NULL, 13, 1, 800, 'visa', 0, 1, 'SA-1-000006', 1, '2024-05-24 19:32:02', '2024-05-24 19:32:02'),
(14, '2024-05-24', 'ME-1-000007', NULL, 14, 6, 800, 'visa', 0, 1, 'SA-1-000007', 1, '2024-05-24 19:32:44', '2024-05-24 19:32:44'),
(15, '2025-10-10', 'ME-1-000008', NULL, 15, 1, 1.5, 'cash', 0, 1, 'SA-1-000008', 1, '2025-10-10 11:47:51', '2025-10-10 11:47:51'),
(16, '2025-10-10', 'ME-1-000009', NULL, 19, 1, 1.5, 'cash', 3, 1, 'SA-1-000012', 1, '2025-10-10 11:54:52', '2025-10-10 11:54:52'),
(17, '2025-10-10', 'ME-1-000010', NULL, 19, 1, 3, 'visa', 1.5, 1, 'SA-1-000012', 1, '2025-10-10 11:54:52', '2025-10-10 11:54:52');

-- --------------------------------------------------------

--
-- Table structure for table `permissions`
--

CREATE TABLE `permissions` (
  `id` bigint(20) UNSIGNED NOT NULL,
  `name` varchar(255) NOT NULL,
  `key` varchar(255) NOT NULL,
  `guard_name` varchar(255) NOT NULL,
  `created_at` timestamp NULL DEFAULT current_timestamp(),
  `updated_at` timestamp NULL DEFAULT current_timestamp()
) ENGINE=InnoDB DEFAULT CHARSET=utf8 COLLATE=utf8_general_ci;

--
-- Dumping data for table `permissions`
--

INSERT INTO `permissions` (`id`, `name`, `key`, `guard_name`, `created_at`, `updated_at`) VALUES
(1, 'اضافة مستخدم', 'Memeber', 'admin-web', '2022-03-03 17:29:42', '2022-03-03 17:29:42'),
(2, 'عرض مستخدم', 'Memeber', 'admin-web', '2022-03-03 17:29:42', '2022-03-03 17:29:42'),
(3, 'تعديل مستخدم', 'Memeber', 'admin-web', '2022-03-03 17:29:42', '2022-03-03 17:29:42'),
(4, 'حذف مستخدم', 'Memeber', 'admin-web', '2022-03-03 17:29:42', '2022-03-03 17:29:42'),
(5, 'اضافة صلاحية', 'privilege', 'admin-web', '2022-03-03 17:29:42', '2022-03-03 17:29:42'),
(6, 'عرض صلاحية', 'privilege', 'admin-web', '2022-03-03 17:29:42', '2022-03-03 17:29:42'),
(7, 'تعديل صلاحية', 'privilege', 'admin-web', '2022-03-03 17:29:42', '2022-03-03 17:29:42'),
(8, 'حذف صلاحية', 'privilege', 'admin-web', '2022-03-03 17:29:42', '2022-03-03 17:29:42'),
(9, 'اضافة فرع', 'branch', 'admin-web', '2022-03-03 17:29:42', '2022-03-03 17:29:42'),
(10, 'عرض فرع', 'branch', 'admin-web', '2022-03-03 17:29:42', '2022-03-03 17:29:42'),
(11, 'تعديل فرع', 'branch', 'admin-web', '2022-03-03 17:29:42', '2022-03-03 17:29:42'),
(12, 'حذف فرع', 'branch', 'admin-web', '2022-03-03 17:29:42', '2022-03-03 17:29:42'),
(13, 'عرض بيانات الموظفين', 'emp', 'admin-web', '2023-07-06 12:27:42', '2023-07-06 12:27:42'),
(14, 'تعديل بيانات الموظفين', 'emp', 'admin-web', '2023-07-06 12:29:55', '2023-07-06 12:29:55'),
(18, 'اضافة الاعدادات', 'setting', 'admin-web', '2024-03-24 17:50:16', '2024-03-24 17:50:16'),
(19, 'عرض الاعدادات', 'setting', 'admin-web', '2024-03-24 17:50:28', '2024-03-24 17:50:28'),
(20, 'تعديل الاعدادات', 'setting', 'admin-web', '2024-03-24 17:50:35', '2024-03-24 17:50:35'),
(21, 'حذف الاعدادات', 'setting', 'admin-web', '2024-03-24 17:50:43', '2024-03-24 17:50:43'),
(22, 'اضافة مبيعات', 'sales', 'admin-web', '2024-03-24 17:52:25', '2024-03-24 17:52:25'),
(23, 'عرض مبيعات', 'sales', 'admin-web', '2024-03-24 17:52:32', '2024-03-24 17:52:32'),
(24, 'تعديل مبيعات', 'sales', 'admin-web', '2024-03-24 17:52:39', '2024-03-24 17:52:39'),
(25, 'حذف مبيعات', 'sales', 'admin-web', '2024-03-24 17:52:46', '2024-03-24 17:52:46'),
(26, 'اضافة مردود مبيعات', 'sales_return', 'admin-web', '2024-03-24 17:53:36', '2024-03-24 17:53:36'),
(27, 'عرض مردود مبيعات', 'sales_return', 'admin-web', '2024-03-24 17:53:43', '2024-03-24 17:53:43'),
(28, 'تعديل مردود مبيعات', 'sales_return', 'admin-web', '2024-03-24 17:54:13', '2024-03-24 17:54:13'),
(29, 'حذف مردود مبيعات', 'sales_return', 'admin-web', '2024-03-24 17:54:28', '2024-03-24 17:54:28'),
(30, 'اضافة مشتريات', 'purchase', 'admin-web', '2024-03-24 17:55:16', '2024-03-24 17:55:16'),
(31, 'عرض مشتريات', 'purchase', 'admin-web', '2024-03-24 17:55:22', '2024-03-24 17:55:22'),
(32, 'تعديل مشتريات', 'purchase', 'admin-web', '2024-03-24 17:55:29', '2024-03-24 17:55:29'),
(33, 'حذف مشتريات', 'purchase', 'admin-web', '2024-03-24 17:55:35', '2024-03-24 17:55:35'),
(34, 'اضافة مردود مشتريات', 'purchase_return', 'admin-web', '2024-03-24 17:56:39', '2024-03-24 17:56:39'),
(35, 'عرض مردود مشتريات', 'purchase_return', 'admin-web', '2024-03-24 17:57:21', '2024-03-24 17:57:21'),
(36, 'تعديل مردود مشتريات', 'purchase_return', 'admin-web', '2024-03-24 17:57:28', '2024-03-24 17:57:28'),
(37, 'حذف مردود مشتريات', 'purchase_return', 'admin-web', '2024-03-24 17:57:35', '2024-03-24 17:57:35'),
(38, 'اضافة صنف', 'product', 'admin-web', '2024-03-24 17:58:25', '2024-03-24 17:58:25'),
(39, 'عرض صنف', 'product', 'admin-web', '2024-03-24 17:58:31', '2024-03-24 17:58:31'),
(40, 'تعديل صنف', 'product', 'admin-web', '2024-03-24 17:58:37', '2024-03-24 17:58:37'),
(41, 'حذف صنف', 'product', 'admin-web', '2024-03-24 17:58:44', '2024-03-24 17:58:44'),
(42, 'اضافة مورد', 'supplier', 'admin-web', '2024-03-24 17:59:50', '2024-03-24 17:59:50'),
(43, 'عرض مورد', 'supplier', 'admin-web', '2024-03-24 17:59:57', '2024-03-24 17:59:57'),
(44, 'تعديل مورد', 'supplier', 'admin-web', '2024-03-24 18:00:04', '2024-03-24 18:00:04'),
(45, 'حذف مورد', 'supplier', 'admin-web', '2024-03-24 18:00:11', '2024-03-24 18:00:11'),
(46, 'اضافة عميل', 'customer', 'admin-web', '2024-03-24 18:00:59', '2024-03-24 18:00:59'),
(47, 'عرض عميل', 'customer', 'admin-web', '2024-03-24 18:01:05', '2024-03-24 18:01:05'),
(48, 'تعديل عميل', 'customer', 'admin-web', '2024-03-24 18:01:13', '2024-03-24 18:01:13'),
(49, 'حذف عميل', 'customer', 'admin-web', '2024-03-24 18:01:19', '2024-03-24 18:01:19'),
(50, 'اضافة حسابات', 'account', 'admin-web', '2024-03-24 18:01:49', '2024-03-24 18:01:49'),
(51, 'عرض حسابات', 'account', 'admin-web', '2024-03-24 18:01:56', '2024-03-24 18:01:56'),
(52, 'تعديل حسابات', 'account', 'admin-web', '2024-03-24 18:02:17', '2024-03-24 18:02:17'),
(53, 'حذف حسابات', 'account', 'admin-web', '2024-03-24 18:02:27', '2024-03-24 18:02:27'),
(54, 'اضافة جرد', 'inventory', 'admin-web', '2024-03-24 18:02:58', '2024-03-24 18:02:58'),
(55, 'عرض جرد', 'inventory', 'admin-web', '2024-03-24 18:03:06', '2024-03-24 18:03:06'),
(56, 'تعديل جرد', 'inventory', 'admin-web', '2024-03-24 18:03:13', '2024-03-24 18:03:13'),
(57, 'حذف جرد', 'inventory', 'admin-web', '2024-03-24 18:03:19', '2024-03-24 18:03:19'),
(58, 'اضافة كمية', 'qty', 'admin-web', '2024-03-25 16:50:05', '2024-03-25 16:50:05'),
(59, 'عرض كمية', 'qty', 'admin-web', '2024-03-25 16:50:12', '2024-03-25 16:50:12'),
(60, 'تعديل كمية', 'qty', 'admin-web', '2024-03-25 16:50:20', '2024-03-25 16:50:20'),
(61, 'حذف كمية', 'qty', 'admin-web', '2024-03-25 16:50:27', '2024-03-25 16:50:27'),
(62, 'اضافة سند صرف', 'fixed', 'admin-web', '2024-03-28 18:02:04', '2024-03-28 18:02:04'),
(63, 'عرض سند صرف', 'fixed', 'admin-web', '2024-03-28 18:02:14', '2024-03-28 18:02:14'),
(64, 'تعديل سند صرف', 'fixed', 'admin-web', '2024-03-28 18:02:26', '2024-03-28 18:02:26'),
(65, 'حذف سند صرف', 'fixed', 'admin-web', '2024-03-28 18:02:34', '2024-03-28 18:02:34'),
(66, 'اضافة ترميز', 'encoding', 'admin-web', '2024-03-28 23:29:52', '2024-03-28 23:29:52'),
(67, 'عرض ترميز', 'encoding', 'admin-web', '2024-03-28 23:30:00', '2024-03-28 23:30:00'),
(68, 'تعديل ترميز', 'encoding', 'admin-web', '2024-03-28 23:30:08', '2024-03-28 23:30:08'),
(69, 'حذف ترميز', 'encoding', 'admin-web', '2024-03-28 23:30:16', '2024-03-28 23:30:16'),
(70, 'التقارير المحاسبية', 'report-account', 'admin-web', '2024-03-29 18:08:41', '2024-03-29 18:08:41'),
(71, 'التقارير المخزون', 'report', 'admin-web', '2024-03-29 18:09:40', '2024-03-29 18:09:40'),
(72, 'اضافة سند قبض', 'catchRecipts', 'admin-web', '2024-04-21 17:29:36', '2024-04-21 17:29:36'),
(73, 'عرض سند قبض', 'catchRecipts', 'admin-web', '2024-04-21 17:29:47', '2024-04-21 17:29:47'),
(74, 'تعديل سند قبض', 'catchRecipts', 'admin-web', '2024-04-21 17:29:54', '2024-04-21 17:29:54'),
(75, 'حذف سند قبض', 'catchRecipts', 'admin-web', '2024-04-21 17:30:02', '2024-04-21 17:30:02');

-- --------------------------------------------------------

--
-- Table structure for table `personal_access_tokens`
--

CREATE TABLE `personal_access_tokens` (
  `id` bigint(20) UNSIGNED NOT NULL,
  `tokenable_type` varchar(255) NOT NULL,
  `tokenable_id` bigint(20) UNSIGNED NOT NULL,
  `name` varchar(255) NOT NULL,
  `token` varchar(64) NOT NULL,
  `abilities` text DEFAULT NULL,
  `last_used_at` timestamp NULL DEFAULT NULL,
  `created_at` timestamp NULL DEFAULT NULL,
  `updated_at` timestamp NULL DEFAULT NULL
) ENGINE=MyISAM DEFAULT CHARSET=utf8mb4 COLLATE=utf8mb4_unicode_ci;

-- --------------------------------------------------------

--
-- Table structure for table `pos_settings`
--

CREATE TABLE `pos_settings` (
  `id` bigint(20) UNSIGNED NOT NULL,
  `show_items` varchar(255) DEFAULT NULL,
  `default_category` int(11) DEFAULT 0,
  `cashier_id` int(11) DEFAULT 0,
  `client_id` int(11) DEFAULT 0,
  `show_time` int(11) DEFAULT 0,
  `item_search` varchar(255) DEFAULT NULL,
  `add_new_item` varchar(255) DEFAULT NULL,
  `insert_client` varchar(255) DEFAULT NULL,
  `add_client` varchar(255) DEFAULT NULL,
  `category_toggle` varchar(255) DEFAULT NULL,
  `subCategory_toggle` varchar(255) DEFAULT NULL,
  `brand_toggle` varchar(255) DEFAULT NULL,
  `cancel_sell` varchar(255) DEFAULT NULL,
  `pend_sell` varchar(255) DEFAULT NULL,
  `printed_material` varchar(255) DEFAULT NULL,
  `finish_bill` varchar(255) DEFAULT NULL,
  `daily_sales` varchar(255) DEFAULT NULL,
  `opening_pending_sales` varchar(255) DEFAULT NULL,
  `close_shift` varchar(255) DEFAULT NULL,
  `qr_print` int(11) DEFAULT 0,
  `header_print` int(11) DEFAULT 0,
  `header_img` varchar(255) DEFAULT NULL,
  `seller_buyer` int(11) DEFAULT 0,
  `created_at` timestamp NULL DEFAULT NULL,
  `updated_at` timestamp NULL DEFAULT NULL
) ENGINE=MyISAM DEFAULT CHARSET=utf8mb4 COLLATE=utf8mb4_unicode_ci;

--
-- Dumping data for table `pos_settings`
--

INSERT INTO `pos_settings` (`id`, `show_items`, `default_category`, `cashier_id`, `client_id`, `show_time`, `item_search`, `add_new_item`, `insert_client`, `add_client`, `category_toggle`, `subCategory_toggle`, `brand_toggle`, `cancel_sell`, `pend_sell`, `printed_material`, `finish_bill`, `daily_sales`, `opening_pending_sales`, `close_shift`, `qr_print`, `header_print`, `header_img`, `seller_buyer`, `created_at`, `updated_at`) VALUES
(1, NULL, 0, 2, 0, 0, NULL, NULL, NULL, NULL, NULL, NULL, NULL, NULL, NULL, NULL, NULL, NULL, NULL, NULL, 0, 0, '', 0, '2025-09-08 09:42:56', '2025-09-08 09:42:56');

-- --------------------------------------------------------

--
-- Table structure for table `products`
--

CREATE TABLE `products` (
  `id` bigint(20) UNSIGNED NOT NULL,
  `code` varchar(255) NOT NULL,
  `name` varchar(255) NOT NULL,
  `unit` int(11) NOT NULL,
  `price` double NOT NULL,
  `cost` double NOT NULL,
  `lista` double NOT NULL,
  `alert_quantity` double NOT NULL,
  `category_id` int(11) NOT NULL,
  `subcategory_id` int(11) NOT NULL,
  `quantity` double NOT NULL,
  `tax` decimal(8,2) NOT NULL,
  `tax_rate` int(11) NOT NULL,
  `tax_method` int(11) NOT NULL,
  `tax_excise` decimal(8,2) DEFAULT NULL,
  `track_quantity` int(11) NOT NULL,
  `type` int(11) NOT NULL,
  `brand` int(11) NOT NULL,
  `slug` varchar(255) NOT NULL,
  `featured` int(11) NOT NULL,
  `city_tax` double NOT NULL,
  `max_order` int(11) NOT NULL,
  `img` varchar(100) DEFAULT NULL,
  `warehouse_id` int(11) NOT NULL DEFAULT 0,
  `branch_id` int(11) NOT NULL DEFAULT 0,
  `user_id` int(11) NOT NULL,
  `status` tinyint(4) NOT NULL DEFAULT 1,
  `created_at` timestamp NULL DEFAULT NULL,
  `updated_at` timestamp NULL DEFAULT NULL
) ENGINE=MyISAM DEFAULT CHARSET=utf8mb4 COLLATE=utf8mb4_unicode_ci;

--
-- Dumping data for table `products`
--

INSERT INTO `products` (`id`, `code`, `name`, `unit`, `price`, `cost`, `lista`, `alert_quantity`, `category_id`, `subcategory_id`, `quantity`, `tax`, `tax_rate`, `tax_method`, `tax_excise`, `track_quantity`, `type`, `brand`, `slug`, `featured`, `city_tax`, `max_order`, `img`, `warehouse_id`, `branch_id`, `user_id`, `status`, `created_at`, `updated_at`) VALUES
(1, '515541', 'مج موزة جرانيت', 1, 7.5, 5, 0, 9, 2, 0, 110, 15.00, 3, 1, 0.00, 1, 1, 1, 'مج', 0, 0, 90, NULL, 0, 1, 1, 1, '2023-07-27 20:00:57', '2024-05-04 13:41:33'),
(2, '0231231', 'صفاية استالس كبيرة', 1, 45, 29.5, 0, 10, 2, 0, 120, 15.00, 3, 1, 0.00, 1, 1, 1, 'صفاية', 0, 0, 10, NULL, 0, 1, 1, 1, '2023-07-27 20:02:57', '2024-05-04 13:41:33'),
(6, '000004', 'فول صيني فالينج', 3, 8, 5, 0, 20, 5, 0, 125, 15.00, 3, 1, 0.00, 1, 1, 1, '0', 0, 0, 50, '', 0, 1, 1, 1, '2024-03-25 15:48:16', '2024-05-04 13:46:29'),
(8, '000077', 'صلصة', 2, 12, 10, 0, 50, 4, 0, 140, 15.00, 3, 1, 0.00, 1, 1, 2, '0', 0, 0, 100, '', 0, 1, 1, 1, '2024-03-25 16:15:53', '2024-05-04 13:41:33'),
(10, '000078', 'زيت طبخ', 3, 50, 30, 0, 0, 4, 0, 190, 15.00, 3, 1, 0.00, 1, 1, 2, '0', 0, 0, 0, NULL, 0, 1, 1, 1, '2024-04-06 23:22:35', '2024-05-04 17:43:11'),
(12, '000079', 'باكت تبغ كمران', 8, 25, 15, 25, 100, 7, 0, 160, 15.00, 3, 1, 100.00, 1, 1, 3, '0', 0, 0, 200, '', 0, 1, 1, 1, '2024-04-18 18:21:34', '2024-05-04 13:41:33'),
(14, '000081', 'مشروب طاقة ريد بول', 3, 6, 3, 6, 50, 8, 0, 170, 15.00, 3, 1, 100.00, 1, 1, 2, '0', 0, 0, 100, NULL, 0, 1, 1, 1, '2024-04-18 18:30:36', '2024-05-04 13:41:33'),
(15, '000082', 'مشروب غازي بيبسي', 3, 2, 1, 2, 100, 9, 0, 180, 15.00, 3, 1, 50.00, 1, 1, 1, '0', 0, 0, 200, NULL, 0, 1, 1, 1, '2024-04-18 18:31:36', '2024-05-04 13:41:33'),
(16, '000083', 'قمح استرالي * 50 كجم', 6, 140, 100, 140, 100, 4, 0, 190, 5.00, 2, 1, 0.00, 1, 1, 2, '0', 0, 0, 200, '', 0, 1, 1, 1, '2024-04-18 19:41:51', '2024-05-04 13:41:33'),
(17, '59028109', 'Zenbook 14 OLED (UX3402)｜Laptops For Home – ASUS', 1, 7, 5, 7, 50, 2, 0, 199, 15.00, 3, 1, 0.00, 1, 1, 1, '0', 0, 0, 80, '1714070207.png', 0, 1, 1, 1, '2024-04-18 20:51:17', '2024-05-04 17:35:44'),
(18, '49251814', 'Apple iPhone 11 (4GB-64GB) Black', 1, 8, 5, 0, 0, 2, 0, 199, 15.00, 3, 1, 0.00, 1, 1, 1, '0', 0, 0, 0, '1714070342.png', 0, 1, 1, 1, '2024-04-22 14:55:33', '2024-05-04 17:41:57'),
(19, '20358923', '2021 Apple 12.9-inch iPad Pro Wi-Fi 512GB', 1, 100, 50, 0, 0, 2, 0, 200, 15.00, 3, 1, 0.00, 1, 1, 1, '0', 0, 0, 0, '1714070437.png', 0, 1, 1, 1, '2024-04-25 15:40:37', '2024-05-04 13:43:56'),
(20, '28090345', 'Samsung Galaxy Chromebook Go, 14″ HD LED, Intel Celeron N4500', 1, 120, 60, 0, 0, 2, 0, 196, 15.00, 3, 1, 0.00, 1, 1, 1, '0', 0, 0, 0, '1714070529.png', 0, 1, 1, 1, '2024-04-25 15:42:09', '2024-05-05 18:41:06'),
(21, '02456392', 'Huawei Watch GT 2 Sport Stainless Steel 46mm', 1, 80, 40, 0, 0, 2, 0, 198, 15.00, 3, 1, 0.00, 1, 1, 1, '0', 0, 0, 0, '1714070590.png', 0, 1, 1, 1, '2024-04-25 15:43:10', '2024-05-05 18:41:06'),
(22, '33887520', 'Fresh Organic Navel Orange', 1, 70, 50, 0, 0, 2, 0, 120, 15.00, 3, 1, 0.00, 1, 1, 1, '0', 0, 0, 0, '1714071236.png', 0, 1, 1, 1, '2024-04-25 15:53:56', '2024-05-04 13:41:33'),
(23, '27583341', 'Banana (pack of 12)', 1, 3, 2, 0, 0, 4, 0, 130, 15.00, 3, 1, 0.00, 1, 1, 1, '0', 0, 0, 0, '1714072218.png', 0, 1, 1, 1, '2024-04-25 16:10:18', '2024-05-04 13:41:33'),
(24, '80912386', 'Gala Original Apple - 1KG', 1, 4, 3, 0, 0, 4, 0, 140, 15.00, 3, 1, 0.00, 1, 1, 1, '0', 0, 0, 0, '1714072255.png', 0, 1, 1, 1, '2024-04-25 16:10:55', '2024-05-04 13:41:33'),
(25, '19186147', 'Water Melon ~ 3KG', 1, 5, 3, 0, 0, 4, 0, 150, 15.00, 3, 1, 0.00, 1, 1, 1, '0', 0, 0, 0, '1714072322.png', 0, 1, 1, 1, '2024-04-25 16:12:02', '2024-05-04 13:41:33'),
(26, '20142029', 'Epson Inkjet WorkForce Pro WF-3820DWF', 1, 200, 150, 0, 0, 2, 0, 200, 15.00, 3, 1, 0.00, 1, 1, 1, '0', 0, 0, 0, '1714072538.png', 0, 1, 1, 1, '2024-04-25 16:15:38', '2024-05-04 13:43:56'),
(27, '29733132', 'iPhone 14 Pro 256GB Gold', 1, 170, 130, 0, 0, 2, 0, 200, 15.00, 3, 1, 0.00, 1, 1, 1, '0', 0, 0, 0, '1714072588.png', 0, 1, 1, 1, '2024-04-25 16:16:28', '2024-05-04 13:43:56'),
(28, '23279148', 'Electrolux EW6F449ST PerfectCare 9 Kg Washing Machine', 1, 300, 250, 0, 0, 2, 0, 200, 15.00, 3, 1, 0.00, 1, 1, 1, '0', 0, 0, 0, '1714072649.png', 0, 1, 1, 1, '2024-04-25 16:17:29', '2024-05-04 13:43:56'),
(29, '43879312', 'GORENJE Waschmaschine WHP74EPS Waschmaschine', 1, 500, 400, 0, 0, 2, 0, 200, 15.00, 3, 1, 0.00, 1, 1, 1, '0', 0, 0, 0, '1714072715.png', 0, 1, 1, 1, '2024-04-25 16:18:35', '2024-05-04 13:43:56'),
(30, '10203743', 'Samsung Galaxy Active 2 R835U Smartwatch 40mm', 1, 240, 180, 0, 0, 2, 0, 200, 15.00, 3, 1, 0.00, 1, 1, 1, '0', 0, 0, 0, '1714072776.png', 0, 1, 1, 1, '2024-04-25 16:19:36', '2024-05-04 13:43:56'),
(31, '71493353', 'Apple TV HD 32GB (2nd Generation)', 1, 500, 400, 0, 0, 2, 0, 200, 15.00, 3, 1, 0.00, 1, 1, 1, '0', 0, 0, 0, '1714072830.png', 0, 1, 1, 1, '2024-04-25 16:20:30', '2024-05-04 13:43:56'),
(32, '93060790', 'Xbox One Wireless Controller Black Color', 1, 220, 160, 0, 0, 2, 0, 200, 15.00, 3, 1, 0.00, 1, 1, 1, '0', 0, 0, 0, '1714072891.jpg', 0, 1, 1, 1, '2024-04-25 16:21:31', '2024-05-04 13:43:56'),
(33, '93060791', 'حليب الربيع * 250 جرام', 3, 4, 2, 0, 0, 4, 0, 199, 5.00, 2, 1, 0.00, 1, 1, 4, '0', 0, 0, 0, '', 0, 1, 1, 1, '2024-04-26 11:33:14', '2024-05-04 13:41:33'),
(34, '93060792', 'عصير مانجو الربيع * 250 جرام', 3, 4, 2, 0, 0, 4, 0, 218, 5.00, 2, 1, 0.00, 1, 1, 4, '0', 0, 0, 0, '', 0, 1, 1, 1, '2024-04-26 11:34:33', '2024-05-04 17:43:11'),
(35, '2002', 'تركيب وبرمجة كاميرات مراقبة', 9, 800, 500, 0, 0, 2, 0, -3, 15.00, 3, 1, 0.00, 1, 3, 1, '0', 0, 0, 0, '', 0, 1, 1, 1, '2024-05-24 19:14:53', '2024-05-24 19:32:44'),
(36, '123456', 'بيبسي', 3, 1.5, 1.25, 0, 0, 4, 0, 286, 100.00, 5, 1, 0.00, 1, 1, 1, '0', 0, 0, 0, '', 0, 1, 1, 1, '2025-10-10 11:44:06', '2025-10-10 12:13:34'),
(37, '123457', 'تجربه', 3, 15, 10, 1, 0, 5, 0, 0, 100.00, 5, 2, 0.00, 1, 1, 2, '0', 0, 0, 0, '', 0, 1, 1, 1, '2025-11-05 10:41:42', '2025-11-05 10:42:37');

-- --------------------------------------------------------

--
-- Table structure for table `product_units`
--

CREATE TABLE `product_units` (
  `id` bigint(20) UNSIGNED NOT NULL,
  `created_at` timestamp NULL DEFAULT NULL,
  `updated_at` timestamp NULL DEFAULT NULL,
  `unit_id` int(11) NOT NULL,
  `product_id` int(11) NOT NULL,
  `price` double NOT NULL
) ENGINE=MyISAM DEFAULT CHARSET=utf8mb4 COLLATE=utf8mb4_unicode_ci;

--
-- Dumping data for table `product_units`
--

INSERT INTO `product_units` (`id`, `created_at`, `updated_at`, `unit_id`, `product_id`, `price`) VALUES
(68, '2024-04-18 21:01:43', '2024-04-18 21:01:43', 1, 1, 7.5),
(67, '2024-04-18 21:01:33', '2024-04-18 21:01:33', 1, 2, 45),
(3, '2024-03-25 15:16:57', '2024-03-25 15:16:57', 1, 3, 150),
(5, '2024-03-25 15:46:17', '2024-03-25 15:46:17', 1, 5, 8),
(97, '2024-04-26 11:39:21', '2024-04-26 11:39:21', 3, 6, 8),
(14, '2024-03-25 16:15:17', '2024-03-25 16:15:17', 2, 7, 12),
(90, '2024-04-26 11:27:27', '2024-04-26 11:27:27', 2, 8, 12),
(63, '2024-04-18 21:01:00', '2024-04-18 21:01:00', 3, 10, 50),
(17, '2024-04-18 18:17:23', '2024-04-18 18:17:23', 3, 11, 25),
(96, '2024-04-26 11:38:53', '2024-04-26 11:38:53', 8, 12, 25),
(57, '2024-04-18 20:57:55', '2024-04-18 20:57:55', 3, 14, 6),
(56, '2024-04-18 20:57:48', '2024-04-18 20:57:48', 3, 15, 2),
(95, '2024-04-26 11:38:22', '2024-04-26 11:38:22', 6, 16, 140),
(73, '2024-04-25 15:36:47', '2024-04-25 15:36:47', 1, 17, 7),
(75, '2024-04-25 15:39:02', '2024-04-25 15:39:02', 1, 18, 8),
(76, '2024-04-25 15:40:37', '2024-04-25 15:40:37', 1, 19, 100),
(77, '2024-04-25 15:42:09', '2024-04-25 15:42:09', 1, 20, 120),
(78, '2024-04-25 15:43:10', '2024-04-25 15:43:10', 1, 21, 80),
(79, '2024-04-25 15:53:56', '2024-04-25 15:53:56', 1, 22, 70),
(80, '2024-04-25 16:10:18', '2024-04-25 16:10:18', 1, 23, 3),
(81, '2024-04-25 16:10:55', '2024-04-25 16:10:55', 1, 24, 4),
(82, '2024-04-25 16:12:02', '2024-04-25 16:12:02', 1, 25, 5),
(83, '2024-04-25 16:15:38', '2024-04-25 16:15:38', 1, 26, 200),
(84, '2024-04-25 16:16:28', '2024-04-25 16:16:28', 1, 27, 170),
(85, '2024-04-25 16:17:29', '2024-04-25 16:17:29', 1, 28, 300),
(86, '2024-04-25 16:18:35', '2024-04-25 16:18:35', 1, 29, 500),
(87, '2024-04-25 16:19:36', '2024-04-25 16:19:36', 1, 30, 240),
(88, '2024-04-25 16:20:30', '2024-04-25 16:20:30', 1, 31, 500),
(89, '2024-04-25 16:21:31', '2024-04-25 16:21:31', 1, 32, 220),
(93, '2024-04-26 11:35:21', '2024-04-26 11:35:21', 3, 33, 4),
(92, '2024-04-26 11:34:33', '2024-04-26 11:34:33', 3, 34, 4),
(100, '2024-05-24 19:16:20', '2024-05-24 19:16:20', 9, 35, 800),
(101, '2025-10-10 11:44:06', '2025-10-10 11:44:06', 3, 36, 1.5),
(103, '2025-11-05 10:42:37', '2025-11-05 10:42:37', 3, 37, 15);

-- --------------------------------------------------------

--
-- Table structure for table `purchases`
--

CREATE TABLE `purchases` (
  `id` bigint(20) UNSIGNED NOT NULL,
  `date` varchar(255) NOT NULL,
  `invoice_no` varchar(255) NOT NULL,
  `customer_id` int(11) NOT NULL,
  `biller_id` int(11) NOT NULL,
  `warehouse_id` int(11) NOT NULL,
  `note` text NOT NULL,
  `total` double NOT NULL,
  `discount` double NOT NULL,
  `tax` double NOT NULL,
  `net` double NOT NULL,
  `paid` double NOT NULL,
  `purchase_status` varchar(255) NOT NULL,
  `payment_status` varchar(255) NOT NULL,
  `created_by` int(11) DEFAULT 0,
  `returned_bill_id` int(11) DEFAULT 0,
  `branch_id` int(11) NOT NULL DEFAULT 1,
  `user_id` int(11) NOT NULL DEFAULT 1,
  `status` tinyint(4) NOT NULL DEFAULT 1,
  `created_at` timestamp NULL DEFAULT NULL,
  `updated_at` timestamp NULL DEFAULT NULL
) ENGINE=MyISAM DEFAULT CHARSET=utf8mb4 COLLATE=utf8mb4_unicode_ci;

--
-- Dumping data for table `purchases`
--

INSERT INTO `purchases` (`id`, `date`, `invoice_no`, `customer_id`, `biller_id`, `warehouse_id`, `note`, `total`, `discount`, `tax`, `net`, `paid`, `purchase_status`, `payment_status`, `created_by`, `returned_bill_id`, `branch_id`, `user_id`, `status`, `created_at`, `updated_at`) VALUES
(1, '2024-05-04T19:21', 'PU-1-000001', 4, 1, 1, '', 17608.7, 0, 2641.3, 20250, 0, 'completed', 'not_paid', 0, 0, 1, 1, 1, '2024-05-04 13:23:41', '2024-05-04 13:23:41'),
(2, '2024-05-04T19:23', 'PU-1-000002', 4, 1, 1, '', 159130.43, 0, 23869.57, 183000, 0, 'completed', 'not_paid', 0, 0, 1, 1, 1, '2024-05-04 13:25:55', '2024-05-04 13:25:55'),
(3, '2024-05-04T19:27', 'PU-1-000003', 4, 1, 1, '', 86.96, 0, 13.04, 100, 0, 'completed', 'not_paid', 0, 0, 1, 1, 1, '2024-05-04 13:27:55', '2024-05-04 13:27:55'),
(4, '2024-05-04T19:28', 'PUR-1-000001', 4, 1, 1, '', -87, 0, -13.04, -100, 0, 'completed', 'not_paid', 0, 3, 1, 1, 1, '2024-05-04 13:28:05', '2024-05-04 13:28:05'),
(5, '2024-05-04T19:35', 'PU-1-000004', 4, 1, 1, '', 1156.52, 0, 173.48, 1330, 0, 'completed', 'not_paid', 0, 0, 1, 1, 1, '2024-05-04 13:36:11', '2024-05-04 13:36:11'),
(6, '2024-05-04T19:37', 'PU-2-000001', 4, 2, 2, '', 16591.31, 0, 2488.69, 19080, 3000, 'completed', 'not_paid', 0, 0, 2, 2, 1, '2024-05-04 13:41:33', '2024-05-04 17:39:08'),
(7, '2024-05-04T19:41', 'PU-2-000002', 4, 2, 2, '', 159130.43, 0, 23869.57, 183000, 0, 'completed', 'not_paid', 0, 0, 2, 2, 1, '2024-05-04 13:43:56', '2024-05-04 13:43:56'),
(8, '2024-05-04T19:44', 'PU-2-000003', 4, 2, 2, '', 521.74, 0, 78.26, 600, 0, 'completed', 'not_paid', 0, 0, 2, 2, 1, '2024-05-04 13:45:00', '2024-05-04 13:45:00'),
(9, '2024-05-04T19:45', 'PU-2-000004', 4, 2, 2, '', 217.39, 0, 32.61, 250, 0, 'completed', 'not_paid', 0, 0, 2, 2, 1, '2024-05-04 13:45:26', '2024-05-04 13:45:26'),
(10, '2024-05-04T19:45', 'PUR-2-000001', 4, 2, 2, '', -217.5, 0, -32.61, -250, 0, 'completed', 'not_paid', 0, 9, 2, 2, 1, '2024-05-04 13:45:34', '2024-05-04 13:45:34'),
(11, '2024-05-04T23:42', 'PU-2-000005', 4, 2, 2, '', 556.52, 0, 83.48, 640, 0, 'completed', 'not_paid', 0, 0, 2, 2, 1, '2024-05-04 17:43:11', '2024-05-04 17:43:11'),
(12, '2025-10-10T18:09', 'PU-1-000005', 7, 1, 1, '', 217.39, 0, 32.61, 250, 0, 'completed', 'not_paid', 0, 0, 1, 1, 1, '2025-10-10 12:09:57', '2025-10-10 12:09:57'),
(13, '2025-10-10T18:12', 'PU-1-000006', 7, 1, 1, '', 108.7, 0, 16.3, 125, 0, 'completed', 'not_paid', 0, 0, 1, 1, 1, '2025-10-10 12:13:34', '2025-10-10 12:13:34');

-- --------------------------------------------------------

--
-- Table structure for table `purchase_details`
--

CREATE TABLE `purchase_details` (
  `id` bigint(20) UNSIGNED NOT NULL,
  `purchase_id` int(11) NOT NULL,
  `product_code` varchar(255) NOT NULL,
  `product_id` int(11) NOT NULL,
  `quantity` double NOT NULL,
  `cost_without_tax` double NOT NULL,
  `cost_with_tax` double NOT NULL,
  `warehouse_id` double NOT NULL,
  `unit_id` double NOT NULL,
  `tax` double NOT NULL,
  `total` double NOT NULL,
  `net` double NOT NULL,
  `returned_qnt` double DEFAULT 0,
  `created_at` timestamp NULL DEFAULT NULL,
  `updated_at` timestamp NULL DEFAULT NULL
) ENGINE=MyISAM DEFAULT CHARSET=utf8mb4 COLLATE=utf8mb4_unicode_ci;

--
-- Dumping data for table `purchase_details`
--

INSERT INTO `purchase_details` (`id`, `purchase_id`, `product_code`, `product_id`, `quantity`, `cost_without_tax`, `cost_with_tax`, `warehouse_id`, `unit_id`, `tax`, `total`, `net`, `returned_qnt`, `created_at`, `updated_at`) VALUES
(1, 1, '515541', 1, 100, 4.35, 5, 1, 1, 65.22, 434.78, 500, 0, '2024-05-04 13:23:41', '2024-05-04 13:23:41'),
(2, 1, '0231231', 2, 100, 25.65, 29.5, 1, 1, 384.78, 2565.22, 2950, 0, '2024-05-04 13:23:41', '2024-05-04 13:23:41'),
(3, 1, '000004', 6, 100, 4.35, 5, 1, 3, 65.22, 434.78, 500, 0, '2024-05-04 13:23:41', '2024-05-04 13:23:41'),
(4, 1, '000077', 8, 100, 8.7, 10, 1, 2, 130.43, 869.57, 1000, 0, '2024-05-04 13:23:41', '2024-05-04 13:23:41'),
(5, 1, '000078', 10, 100, 26.09, 30, 1, 3, 391.3, 2608.7, 3000, 0, '2024-05-04 13:23:41', '2024-05-04 13:23:41'),
(6, 1, '000079', 12, 100, 13.04, 15, 1, 8, 195.65, 1304.35, 1500, 0, '2024-05-04 13:23:41', '2024-05-04 13:23:41'),
(7, 1, '000081', 14, 100, 2.61, 3, 1, 3, 39.13, 260.87, 300, 0, '2024-05-04 13:23:41', '2024-05-04 13:23:41'),
(8, 1, '000082', 15, 100, 0.87, 1, 1, 3, 13.04, 86.96, 100, 0, '2024-05-04 13:23:41', '2024-05-04 13:23:41'),
(9, 1, '000083', 16, 100, 86.96, 100, 1, 6, 1304.35, 8695.65, 10000, 0, '2024-05-04 13:23:41', '2024-05-04 13:23:41'),
(10, 1, '93060791', 33, 100, 1.74, 2, 1, 3, 26.09, 173.91, 200, 0, '2024-05-04 13:23:41', '2024-05-04 13:23:41'),
(11, 1, '93060792', 34, 100, 1.74, 2, 1, 3, 26.09, 173.91, 200, 0, '2024-05-04 13:23:41', '2024-05-04 13:23:41'),
(12, 2, '59028109', 17, 100, 4.35, 5, 1, 1, 65.22, 434.78, 500, 0, '2024-05-04 13:25:55', '2024-05-04 13:25:55'),
(13, 2, '49251814', 18, 100, 4.35, 5, 1, 1, 65.22, 434.78, 500, 0, '2024-05-04 13:25:55', '2024-05-04 13:25:55'),
(14, 2, '20358923', 19, 100, 43.48, 50, 1, 1, 652.17, 4347.83, 5000, 0, '2024-05-04 13:25:55', '2024-05-04 13:25:55'),
(15, 2, '28090345', 20, 100, 52.17, 60, 1, 1, 782.61, 5217.39, 6000, 0, '2024-05-04 13:25:55', '2024-05-04 13:25:55'),
(16, 2, '02456392', 21, 100, 34.78, 40, 1, 1, 521.74, 3478.26, 4000, 0, '2024-05-04 13:25:55', '2024-05-04 13:25:55'),
(17, 2, '20142029', 26, 100, 130.43, 150, 1, 1, 1956.52, 13043.48, 15000, 0, '2024-05-04 13:25:55', '2024-05-04 13:25:55'),
(18, 2, '29733132', 27, 100, 113.04, 130, 1, 1, 1695.65, 11304.35, 13000, 0, '2024-05-04 13:25:55', '2024-05-04 13:25:55'),
(19, 2, '23279148', 28, 100, 217.39, 250, 1, 1, 3260.87, 21739.13, 25000, 0, '2024-05-04 13:25:55', '2024-05-04 13:25:55'),
(20, 2, '43879312', 29, 100, 347.83, 400, 1, 1, 5217.39, 34782.61, 40000, 0, '2024-05-04 13:25:55', '2024-05-04 13:25:55'),
(21, 2, '10203743', 30, 100, 156.52, 180, 1, 1, 2347.83, 15652.17, 18000, 0, '2024-05-04 13:25:55', '2024-05-04 13:25:55'),
(22, 2, '71493353', 31, 100, 347.83, 400, 1, 1, 5217.39, 34782.61, 40000, 0, '2024-05-04 13:25:55', '2024-05-04 13:25:55'),
(23, 2, '93060790', 32, 100, 139.13, 160, 1, 1, 2086.96, 13913.04, 16000, 0, '2024-05-04 13:25:55', '2024-05-04 13:25:55'),
(24, 3, '93060792', 34, 50, 1.74, 2, 1, 3, 13.04, 86.96, 100, 0, '2024-05-04 13:27:55', '2024-05-04 13:27:55'),
(25, 4, '93060792', 34, -50, -1.74, -2, 1, 3, -13.04, -87, -100, 0, '2024-05-04 13:28:05', '2024-05-04 13:28:05'),
(26, 5, '33887520', 22, 20, 43.48, 50, 1, 1, 130.43, 869.57, 1000, 0, '2024-05-04 13:36:11', '2024-05-04 13:36:11'),
(27, 5, '27583341', 23, 30, 1.74, 2, 1, 1, 7.83, 52.17, 60, 0, '2024-05-04 13:36:11', '2024-05-04 13:36:11'),
(28, 5, '80912386', 24, 40, 2.61, 3, 1, 1, 15.65, 104.35, 120, 0, '2024-05-04 13:36:11', '2024-05-04 13:36:11'),
(29, 5, '19186147', 25, 50, 2.61, 3, 1, 1, 19.57, 130.43, 150, 0, '2024-05-04 13:36:11', '2024-05-04 13:36:11'),
(30, 6, '515541', 1, 10, 4.35, 5, 2, 1, 6.52, 43.48, 50, 0, '2024-05-04 13:41:33', '2024-05-04 13:41:33'),
(31, 6, '0231231', 2, 20, 25.65, 29.5, 2, 1, 76.96, 513.04, 590, 0, '2024-05-04 13:41:33', '2024-05-04 13:41:33'),
(32, 6, '000004', 6, 30, 4.35, 5, 2, 3, 19.57, 130.43, 150, 0, '2024-05-04 13:41:33', '2024-05-04 13:41:33'),
(33, 6, '000077', 8, 40, 8.7, 10, 2, 2, 52.17, 347.83, 400, 0, '2024-05-04 13:41:33', '2024-05-04 13:41:33'),
(34, 6, '000078', 10, 50, 26.09, 30, 2, 3, 195.65, 1304.35, 1500, 0, '2024-05-04 13:41:33', '2024-05-04 13:41:33'),
(35, 6, '000079', 12, 60, 13.04, 15, 2, 8, 117.39, 782.61, 900, 0, '2024-05-04 13:41:33', '2024-05-04 13:41:33'),
(36, 6, '000081', 14, 70, 2.61, 3, 2, 3, 27.39, 182.61, 210, 0, '2024-05-04 13:41:33', '2024-05-04 13:41:33'),
(37, 6, '000082', 15, 80, 0.87, 1, 2, 3, 10.43, 69.57, 80, 0, '2024-05-04 13:41:33', '2024-05-04 13:41:33'),
(38, 6, '000083', 16, 90, 86.96, 100, 2, 6, 1173.91, 7826.09, 9000, 0, '2024-05-04 13:41:33', '2024-05-04 13:41:33'),
(39, 6, '33887520', 22, 100, 43.48, 50, 2, 1, 652.17, 4347.83, 5000, 0, '2024-05-04 13:41:33', '2024-05-04 13:41:33'),
(40, 6, '27583341', 23, 100, 1.74, 2, 2, 1, 26.09, 173.91, 200, 0, '2024-05-04 13:41:33', '2024-05-04 13:41:33'),
(41, 6, '80912386', 24, 100, 2.61, 3, 2, 1, 39.13, 260.87, 300, 0, '2024-05-04 13:41:33', '2024-05-04 13:41:33'),
(42, 6, '19186147', 25, 100, 2.61, 3, 2, 1, 39.13, 260.87, 300, 0, '2024-05-04 13:41:33', '2024-05-04 13:41:33'),
(43, 6, '93060791', 33, 100, 1.74, 2, 2, 3, 26.09, 173.91, 200, 0, '2024-05-04 13:41:33', '2024-05-04 13:41:33'),
(44, 6, '93060792', 34, 100, 1.74, 2, 2, 3, 26.09, 173.91, 200, 0, '2024-05-04 13:41:33', '2024-05-04 13:41:33'),
(45, 7, '59028109', 17, 100, 4.35, 5, 2, 1, 65.22, 434.78, 500, 0, '2024-05-04 13:43:56', '2024-05-04 13:43:56'),
(46, 7, '49251814', 18, 100, 4.35, 5, 2, 1, 65.22, 434.78, 500, 0, '2024-05-04 13:43:56', '2024-05-04 13:43:56'),
(47, 7, '20358923', 19, 100, 43.48, 50, 2, 1, 652.17, 4347.83, 5000, 0, '2024-05-04 13:43:56', '2024-05-04 13:43:56'),
(48, 7, '28090345', 20, 100, 52.17, 60, 2, 1, 782.61, 5217.39, 6000, 0, '2024-05-04 13:43:56', '2024-05-04 13:43:56'),
(49, 7, '02456392', 21, 100, 34.78, 40, 2, 1, 521.74, 3478.26, 4000, 0, '2024-05-04 13:43:56', '2024-05-04 13:43:56'),
(50, 7, '20142029', 26, 100, 130.43, 150, 2, 1, 1956.52, 13043.48, 15000, 0, '2024-05-04 13:43:56', '2024-05-04 13:43:56'),
(51, 7, '29733132', 27, 100, 113.04, 130, 2, 1, 1695.65, 11304.35, 13000, 0, '2024-05-04 13:43:56', '2024-05-04 13:43:56'),
(52, 7, '23279148', 28, 100, 217.39, 250, 2, 1, 3260.87, 21739.13, 25000, 0, '2024-05-04 13:43:56', '2024-05-04 13:43:56'),
(53, 7, '43879312', 29, 100, 347.83, 400, 2, 1, 5217.39, 34782.61, 40000, 0, '2024-05-04 13:43:56', '2024-05-04 13:43:56'),
(54, 7, '10203743', 30, 100, 156.52, 180, 2, 1, 2347.83, 15652.17, 18000, 0, '2024-05-04 13:43:56', '2024-05-04 13:43:56'),
(55, 7, '71493353', 31, 100, 347.83, 400, 2, 1, 5217.39, 34782.61, 40000, 0, '2024-05-04 13:43:56', '2024-05-04 13:43:56'),
(56, 7, '93060790', 32, 100, 139.13, 160, 2, 1, 2086.96, 13913.04, 16000, 0, '2024-05-04 13:43:56', '2024-05-04 13:43:56'),
(57, 8, '000078', 10, 20, 26.09, 30, 2, 3, 78.26, 521.74, 600, 0, '2024-05-04 13:45:00', '2024-05-04 13:45:00'),
(58, 9, '000004', 6, 50, 4.35, 5, 2, 3, 32.61, 217.39, 250, 0, '2024-05-04 13:45:26', '2024-05-04 13:45:26'),
(59, 10, '000004', 6, -50, -4.35, -5, 2, 3, -32.61, -217.5, -250, 0, '2024-05-04 13:45:34', '2024-05-04 13:45:34'),
(60, 11, '000078', 10, 20, 26.09, 30, 2, 3, 78.26, 521.74, 600, 0, '2024-05-04 17:43:11', '2024-05-04 17:43:11'),
(61, 11, '93060792', 34, 20, 1.74, 2, 2, 3, 5.22, 34.78, 40, 0, '2024-05-04 17:43:11', '2024-05-04 17:43:11'),
(62, 12, '123456', 36, 200, 1.09, 1.25, 1, 3, 32.61, 217.39, 250, 0, '2025-10-10 12:09:57', '2025-10-10 12:09:57'),
(63, 13, '123456', 36, 100, 1.09, 1.25, 1, 3, 16.3, 108.7, 125, 0, '2025-10-10 12:13:34', '2025-10-10 12:13:34');

-- --------------------------------------------------------

--
-- Table structure for table `representatives`
--

CREATE TABLE `representatives` (
  `id` bigint(20) UNSIGNED NOT NULL,
  `code` varchar(255) NOT NULL,
  `name` varchar(255) NOT NULL,
  `user_name` varchar(255) NOT NULL,
  `password` varchar(255) NOT NULL,
  `notes` text NOT NULL,
  `active` int(11) NOT NULL,
  `created_at` timestamp NULL DEFAULT NULL,
  `updated_at` timestamp NULL DEFAULT NULL
) ENGINE=MyISAM DEFAULT CHARSET=utf8mb4 COLLATE=utf8mb4_unicode_ci;

--
-- Dumping data for table `representatives`
--

INSERT INTO `representatives` (`id`, `code`, `name`, `user_name`, `password`, `notes`, `active`, `created_at`, `updated_at`) VALUES
(1, '1', 'مندوب شركة الجزيرة', '500', '123', '', 1, '2023-07-27 19:54:21', '2023-07-27 19:54:21');

-- --------------------------------------------------------

--
-- Table structure for table `rewards`
--

CREATE TABLE `rewards` (
  `id` bigint(20) UNSIGNED NOT NULL,
  `employer_id` int(11) NOT NULL,
  `date` varchar(255) NOT NULL,
  `amount` double NOT NULL,
  `reason` varchar(255) NOT NULL,
  `user_id` int(11) NOT NULL,
  `created_at` timestamp NULL DEFAULT NULL,
  `updated_at` timestamp NULL DEFAULT NULL
) ENGINE=MyISAM DEFAULT CHARSET=utf8mb4 COLLATE=utf8mb4_unicode_ci;

-- --------------------------------------------------------

--
-- Table structure for table `roles`
--

CREATE TABLE `roles` (
  `id` bigint(20) UNSIGNED NOT NULL,
  `name` varchar(255) NOT NULL,
  `guard_name` varchar(255) NOT NULL,
  `created_at` timestamp NULL DEFAULT NULL,
  `updated_at` timestamp NULL DEFAULT NULL
) ENGINE=InnoDB DEFAULT CHARSET=utf8 COLLATE=utf8_general_ci;

--
-- Dumping data for table `roles`
--

INSERT INTO `roles` (`id`, `name`, `guard_name`, `created_at`, `updated_at`) VALUES
(1, 'مدير النظام', 'admin-web', '2021-08-22 04:40:49', '2021-08-22 04:40:49'),
(2, 'مدير فرع', 'admin-web', '2022-11-17 07:02:02', '2022-11-17 07:02:02'),
(3, 'موظف فرع', 'admin-web', '2022-12-31 19:58:31', '2022-12-31 19:58:31'),
(6, 'مبيعات', 'admin-web', '2024-04-26 17:31:51', '2024-04-26 17:31:51');

-- --------------------------------------------------------

--
-- Table structure for table `role_has_permissions`
--

CREATE TABLE `role_has_permissions` (
  `permission_id` bigint(20) UNSIGNED NOT NULL,
  `role_id` bigint(20) UNSIGNED NOT NULL
) ENGINE=InnoDB DEFAULT CHARSET=utf8 COLLATE=utf8_general_ci;

--
-- Dumping data for table `role_has_permissions`
--

INSERT INTO `role_has_permissions` (`permission_id`, `role_id`) VALUES
(1, 1),
(2, 1),
(3, 1),
(4, 1),
(5, 1),
(6, 1),
(7, 1),
(8, 1),
(9, 1),
(10, 1),
(11, 1),
(12, 1),
(18, 1),
(19, 1),
(20, 1),
(21, 1),
(22, 1),
(22, 2),
(22, 6),
(23, 1),
(23, 2),
(23, 6),
(26, 1),
(26, 2),
(26, 6),
(27, 1),
(27, 2),
(27, 6),
(30, 1),
(30, 2),
(31, 1),
(31, 2),
(34, 1),
(34, 2),
(35, 1),
(35, 2),
(38, 1),
(38, 2),
(39, 1),
(39, 2),
(40, 1),
(41, 1),
(42, 1),
(42, 2),
(43, 1),
(43, 2),
(44, 1),
(45, 1),
(46, 1),
(46, 2),
(46, 6),
(47, 1),
(47, 2),
(47, 6),
(48, 1),
(49, 1),
(50, 1),
(51, 1),
(52, 1),
(53, 1),
(54, 1),
(54, 2),
(55, 1),
(55, 2),
(56, 1),
(57, 1),
(62, 1),
(62, 2),
(63, 1),
(63, 2),
(64, 1),
(65, 1),
(66, 1),
(67, 1),
(68, 1),
(69, 1),
(70, 1),
(70, 2),
(71, 1),
(71, 2),
(72, 1),
(72, 2),
(73, 1),
(73, 2),
(74, 1),
(74, 2),
(75, 2);

-- --------------------------------------------------------

--
-- Table structure for table `salary_docs`
--

CREATE TABLE `salary_docs` (
  `id` bigint(20) UNSIGNED NOT NULL,
  `notes` varchar(255) NOT NULL,
  `date` varchar(255) NOT NULL,
  `created_at` timestamp NULL DEFAULT NULL,
  `updated_at` timestamp NULL DEFAULT NULL
) ENGINE=MyISAM DEFAULT CHARSET=utf8mb4 COLLATE=utf8mb4_unicode_ci;

-- --------------------------------------------------------

--
-- Table structure for table `salary_doc_details`
--

CREATE TABLE `salary_doc_details` (
  `id` bigint(20) UNSIGNED NOT NULL,
  `employer_id` int(11) NOT NULL,
  `hours` double NOT NULL,
  `hour_value` double NOT NULL,
  `reward` double NOT NULL,
  `additional` double NOT NULL,
  `advance_payment` double NOT NULL,
  `deductions` double NOT NULL,
  `salary_doc_id` int(11) NOT NULL,
  `created_at` timestamp NULL DEFAULT NULL,
  `updated_at` timestamp NULL DEFAULT NULL
) ENGINE=MyISAM DEFAULT CHARSET=utf8mb4 COLLATE=utf8mb4_unicode_ci;

-- --------------------------------------------------------

--
-- Table structure for table `sales`
--

CREATE TABLE `sales` (
  `id` bigint(20) UNSIGNED NOT NULL,
  `date` date NOT NULL,
  `invoice_no` varchar(255) NOT NULL,
  `customer_id` int(11) NOT NULL,
  `customer_name` varchar(255) DEFAULT NULL,
  `customer_phone` varchar(50) DEFAULT NULL,
  `biller_id` int(11) NOT NULL,
  `warehouse_id` int(11) NOT NULL,
  `total` double NOT NULL,
  `discount` double NOT NULL,
  `tax` double NOT NULL,
  `tax_excise` double NOT NULL,
  `net` double NOT NULL,
  `paid` double NOT NULL,
  `sale_status` varchar(255) NOT NULL,
  `payment_status` varchar(255) NOT NULL,
  `pos` int(11) NOT NULL,
  `lista` double NOT NULL,
  `profit` double NOT NULL,
  `sale_id` int(11) NOT NULL DEFAULT 0,
  `note` text DEFAULT NULL,
  `additional_service` double DEFAULT 0,
  `branch_id` int(11) NOT NULL,
  `user_id` int(11) NOT NULL,
  `status` tinyint(4) NOT NULL DEFAULT 1,
  `created_at` timestamp NULL DEFAULT NULL,
  `updated_at` timestamp NULL DEFAULT NULL
) ENGINE=MyISAM DEFAULT CHARSET=utf8mb4 COLLATE=utf8mb4_unicode_ci;

--
-- Dumping data for table `sales`
--

INSERT INTO `sales` (`id`, `date`, `invoice_no`, `customer_id`, `customer_name`, `customer_phone`, `biller_id`, `warehouse_id`, `total`, `discount`, `tax`, `tax_excise`, `net`, `paid`, `sale_status`, `payment_status`, `pos`, `lista`, `profit`, `sale_id`, `note`, `additional_service`, `branch_id`, `user_id`, `status`, `created_at`, `updated_at`) VALUES
(1, '2024-05-04', 'SA-1-000001', 1, NULL, NULL, 1, 1, 11.43, 0, 0.57, 0, 12, 12, 'completed', 'not_paid', 0, 0, 5.43, 0, '', 0, 1, 1, 1, '2024-05-04 13:29:50', '2024-05-04 13:29:51'),
(2, '2024-05-04', 'SA-1-000002', 1, NULL, NULL, 1, 1, 173.92, 0, 26.08, 0, 200, 200, 'completed', 'not_paid', 1, 0, 73.92, 0, '', 0, 1, 1, 1, '2024-05-04 13:30:52', '2024-05-04 13:30:57'),
(3, '2024-05-04', 'SA-1-000003', 1, NULL, NULL, 1, 1, 43.48, 0, 6.52, 0, 50, 50, 'completed', 'not_paid', 0, 0, 13.48, 0, '', 0, 1, 1, 1, '2024-05-04 13:31:33', '2024-05-04 13:31:34'),
(4, '2024-05-04', 'RSA-1-000001', 1, NULL, NULL, 1, 1, -43.48, 0, -6.52, 0, -50, 0, 'completed', 'not_paid', 0, 0, -13.48, 3, '', 0, 1, 1, 1, '2024-05-04 13:32:00', '2024-05-04 13:32:00'),
(5, '2024-05-04', 'SA-2-000001', 1, NULL, NULL, 2, 2, 29.78, 0, 4.47, 0, 34.25, 34.25, 'completed', 'not_paid', 0, 0, 4.8, 0, '', 0, 2, 2, 1, '2024-05-04 13:46:29', '2024-05-04 13:46:29'),
(6, '2024-05-04', 'SA-2-000002', 1, NULL, NULL, 2, 2, 86.96, 0, 13.04, 0, 100, 100, 'completed', 'not_paid', 0, 0, 26.96, 0, '', 0, 2, 2, 1, '2024-05-04 13:47:24', '2024-05-04 13:47:24'),
(7, '2024-05-04', 'RSA-2-000001', 1, NULL, NULL, 2, 2, -86.96, 0, -13.04, 0, -100, 0, 'completed', 'not_paid', 0, 0, -26.96, 6, '', 0, 2, 2, 1, '2024-05-04 13:47:40', '2024-05-04 13:47:40'),
(8, '2024-05-04', 'SA-2-000003', 1, NULL, NULL, 2, 2, 6.09, 0, 0.91, 0, 7, 7, 'completed', 'not_paid', 1, 0, 1.09, 0, '', 0, 2, 2, 1, '2024-05-04 17:35:44', '2024-05-04 17:35:49'),
(9, '2024-05-04', 'SA-2-000004', 1, NULL, NULL, 2, 2, 104.35, 0, 15.65, 0, 120, 120, 'completed', 'not_paid', 1, 0, 44.35, 0, '', 0, 2, 2, 1, '2024-05-04 17:41:06', '2024-05-04 17:41:11'),
(10, '2024-05-04', 'SA-2-000005', 1, NULL, NULL, 2, 2, 6.96, 0, 1.04, 0, 8, 8, 'completed', 'not_paid', 1, 0, 1.96, 0, '', 0, 2, 2, 1, '2024-05-04 17:41:57', '2024-05-04 17:42:03'),
(11, '2024-05-06', 'SA-1-000004', 1, NULL, NULL, 1, 1, 278.27, 0, 41.73, 0, 320, 320, 'completed', 'not_paid', 1, 0, 118.27, 0, '', 0, 1, 1, 1, '2024-05-05 18:41:06', '2024-05-05 18:41:18'),
(12, '2024-05-25', 'SA-1-000005', 6, NULL, NULL, 1, 1, 695.65, 0, 104.35, 0, 800, 800, 'completed', 'not_paid', 0, 0, 195.65, 0, '', 0, 1, 1, 1, '2024-05-24 19:21:25', '2024-05-24 19:21:25'),
(13, '2024-04-18', 'SA-1-000006', 1, NULL, NULL, 1, 1, 695.65, 0, 104.35, 0, 800, 800, 'completed', 'not_paid', 0, 0, 195.65, 0, '', 0, 1, 1, 1, '2024-05-24 19:32:02', '2024-05-24 19:32:02'),
(14, '2024-04-18', 'SA-1-000007', 6, NULL, NULL, 1, 1, 695.65, 0, 104.35, 0, 800, 800, 'completed', 'not_paid', 0, 0, 195.65, 0, '', 0, 1, 1, 1, '2024-05-24 19:32:44', '2024-05-24 19:32:44'),
(15, '2025-10-10', 'SA-1-000008', 1, NULL, NULL, 1, 1, 1.3, 0, 0.2, 0, 1.5, 1.5, 'completed', 'not_paid', 1, 0, 0.05, 0, '', 0, 1, 1, 1, '2025-10-10 11:46:41', '2025-10-10 11:47:51'),
(16, '2025-10-10', 'SA-1-000009', 1, NULL, NULL, 1, 1, 6.52, 0, 0.98, 0, 7.5, 0, 'completed', 'not_paid', 1, 0, 0.25, 0, '', 0, 1, 1, 1, '2025-10-10 11:52:19', '2025-10-10 11:52:19'),
(17, '2025-10-10', 'SA-1-000010', 1, NULL, NULL, 1, 1, 5.22, 0, 0.78, 0, 6, 0, 'completed', 'not_paid', 1, 0, 0.2, 0, '', 0, 1, 1, 1, '2025-10-10 11:53:08', '2025-10-10 11:53:08'),
(18, '2025-10-10', 'SA-1-000011', 1, NULL, NULL, 1, 1, 1.3, 0, 0.2, 0, 1.5, 0, 'completed', 'not_paid', 1, 0, 0.05, 0, '', 0, 1, 1, 1, '2025-10-10 11:53:56', '2025-10-10 11:53:56'),
(19, '2025-10-10', 'SA-1-000012', 1, NULL, NULL, 1, 1, 3.91, 0, 0.59, 0, 4.5, 4.5, 'completed', 'not_paid', 1, 0, 0.15, 0, '', 0, 1, 1, 1, '2025-10-10 11:54:32', '2025-10-10 11:54:52');

-- --------------------------------------------------------

--
-- Table structure for table `sale_details`
--

CREATE TABLE `sale_details` (
  `id` bigint(20) UNSIGNED NOT NULL,
  `sale_id` int(11) NOT NULL,
  `product_code` varchar(255) NOT NULL,
  `product_id` int(11) NOT NULL,
  `quantity` double NOT NULL,
  `price_unit` double NOT NULL,
  `discount` double DEFAULT 0,
  `price_with_tax` double NOT NULL,
  `warehouse_id` double NOT NULL,
  `unit_id` double NOT NULL,
  `tax` double NOT NULL,
  `tax_excise` double NOT NULL,
  `total` double NOT NULL,
  `lista` double NOT NULL,
  `profit` double NOT NULL,
  `created_at` timestamp NULL DEFAULT NULL,
  `updated_at` timestamp NULL DEFAULT NULL
) ENGINE=MyISAM DEFAULT CHARSET=utf8mb4 COLLATE=utf8mb4_unicode_ci;

--
-- Dumping data for table `sale_details`
--

INSERT INTO `sale_details` (`id`, `sale_id`, `product_code`, `product_id`, `quantity`, `price_unit`, `discount`, `price_with_tax`, `warehouse_id`, `unit_id`, `tax`, `tax_excise`, `total`, `lista`, `profit`, `created_at`, `updated_at`) VALUES
(1, 1, '93060791', 33, 1, 3.81, 0, 4, 1, 3, 0.19, 0, 3.81, 0, 1.81, '2024-05-04 13:29:50', '2024-05-04 13:29:50'),
(2, 1, '93060792', 34, 2, 3.81, 0, 4, 1, 3, 0.38, 0, 7.62, 0, 3.62, '2024-05-04 13:29:50', '2024-05-04 13:29:50'),
(3, 2, '28090345', 20, 1, 104.35, 0, 120, 1, 1, 15.65, 0, 104.35, 0, 44.35, '2024-05-04 13:30:52', '2024-05-04 13:30:52'),
(4, 2, '02456392', 21, 1, 69.57, 0, 80, 1, 1, 10.43, 0, 69.57, 0, 29.57, '2024-05-04 13:30:52', '2024-05-04 13:30:52'),
(5, 3, '000078', 10, 1, 43.48, 0, 50, 1, 3, 6.52, 0, 43.48, 0, 13.48, '2024-05-04 13:31:33', '2024-05-04 13:31:33'),
(6, 4, '000078', 10, -1, -43.48, 0, -50, 1, 3, -6.52, 0, -43.48, 0, -13.48, '2024-05-04 13:32:00', '2024-05-04 13:32:00'),
(7, 5, '000004', 6, 5, 5.96, 1, 6.85, 2, 3, 4.47, 0, 29.78, 0, 4.8, '2024-05-04 13:46:29', '2024-05-04 13:46:29'),
(8, 6, '000078', 10, 2, 43.48, 0, 50, 2, 3, 13.04, 0, 86.96, 0, 26.96, '2024-05-04 13:47:24', '2024-05-04 13:47:24'),
(9, 7, '000078', 10, -2, -43.48, 0, -50, 2, 3, -13.04, 0, -86.96, 0, -26.96, '2024-05-04 13:47:40', '2024-05-04 13:47:40'),
(10, 8, '59028109', 17, 1, 6.09, 0, 7, 2, 1, 0.91, 0, 6.09, 0, 1.09, '2024-05-04 17:35:44', '2024-05-04 17:35:44'),
(11, 9, '28090345', 20, 1, 104.35, 0, 120, 2, 1, 15.65, 0, 104.35, 0, 44.35, '2024-05-04 17:41:06', '2024-05-04 17:41:06'),
(12, 10, '49251814', 18, 1, 6.96, 0, 8, 2, 1, 1.04, 0, 6.96, 0, 1.96, '2024-05-04 17:41:57', '2024-05-04 17:41:57'),
(13, 11, '28090345', 20, 2, 104.35, 0, 120, 1, 1, 31.3, 0, 208.7, 0, 88.7, '2024-05-05 18:41:06', '2024-05-05 18:41:06'),
(14, 11, '02456392', 21, 1, 69.57, 0, 80, 1, 1, 10.43, 0, 69.57, 0, 29.57, '2024-05-05 18:41:06', '2024-05-05 18:41:06'),
(15, 12, '2002', 35, 1, 695.65, 0, 800, 1, 9, 104.35, 0, 695.65, 0, 195.65, '2024-05-24 19:21:25', '2024-05-24 19:21:25'),
(16, 13, '2002', 35, 1, 695.65, 0, 800, 1, 9, 104.35, 0, 695.65, 0, 195.65, '2024-05-24 19:32:02', '2024-05-24 19:32:02'),
(17, 14, '2002', 35, 1, 695.65, 0, 800, 1, 9, 104.35, 0, 695.65, 0, 195.65, '2024-05-24 19:32:44', '2024-05-24 19:32:44'),
(18, 15, '123456', 36, 1, 1.3, 0, 1.5, 1, 3, 0.2, 0, 1.3, 0, 0.05, '2025-10-10 11:46:41', '2025-10-10 11:46:41'),
(19, 16, '123456', 36, 5, 1.3, 0, 1.5, 1, 3, 0.98, 0, 6.52, 0, 0.25, '2025-10-10 11:52:19', '2025-10-10 11:52:19'),
(20, 17, '123456', 36, 4, 1.3, 0, 1.5, 1, 3, 0.78, 0, 5.22, 0, 0.2, '2025-10-10 11:53:08', '2025-10-10 11:53:08'),
(21, 18, '123456', 36, 1, 1.3, 0, 1.5, 1, 3, 0.2, 0, 1.3, 0, 0.05, '2025-10-10 11:53:56', '2025-10-10 11:53:56'),
(22, 19, '123456', 36, 3, 1.3, 0, 1.5, 1, 3, 0.59, 0, 3.91, 0, 0.15, '2025-10-10 11:54:32', '2025-10-10 11:54:32');

-- --------------------------------------------------------

--
-- Table structure for table `system_settings`
--

CREATE TABLE `system_settings` (
  `id` bigint(20) UNSIGNED NOT NULL,
  `company_name` varchar(255) DEFAULT NULL,
  `currency_id` int(11) DEFAULT 0,
  `email` varchar(255) DEFAULT NULL,
  `client_group_id` int(11) DEFAULT 0,
  `nom_of_days_to_edit_bill` int(11) DEFAULT 0,
  `branch_id` int(11) DEFAULT 0,
  `cashier_id` int(11) DEFAULT 0,
  `item_tax` int(11) DEFAULT 0,
  `item_expired` int(11) DEFAULT 0,
  `img_width` decimal(8,2) DEFAULT 0.00,
  `img_height` decimal(8,2) DEFAULT 0.00,
  `small_img_width` decimal(8,2) DEFAULT 0.00,
  `small_img_height` decimal(8,2) DEFAULT 0.00,
  `barcode_break` int(11) DEFAULT 0,
  `sell_without_stock` int(11) DEFAULT 0,
  `customize_refNumber` int(11) DEFAULT 0,
  `item_serial` int(11) DEFAULT 0,
  `adding_item_method` int(11) DEFAULT 0,
  `payment_method` int(11) DEFAULT 0,
  `sales_prefix` varchar(255) DEFAULT NULL,
  `sales_return_prefix` varchar(255) DEFAULT NULL,
  `payment_prefix` varchar(255) DEFAULT NULL,
  `purchase_payment_prefix` varchar(255) DEFAULT NULL,
  `deliver_prefix` varchar(255) DEFAULT NULL,
  `purchase_prefix` varchar(255) DEFAULT NULL,
  `purchase_return_prefix` varchar(255) DEFAULT NULL,
  `transaction_prefix` varchar(255) DEFAULT NULL,
  `expenses_prefix` varchar(255) DEFAULT NULL,
  `store_prefix` varchar(255) DEFAULT NULL,
  `quotation_prefix` varchar(255) DEFAULT NULL,
  `update_qnt_prefix` varchar(255) DEFAULT NULL,
  `fraction_number` int(11) DEFAULT 0,
  `qnt_decimal_point` int(11) DEFAULT 0,
  `decimal_type` int(11) DEFAULT 0,
  `thousand_type` int(11) DEFAULT 0,
  `show_currency` int(11) DEFAULT 0,
  `currency_label` varchar(255) DEFAULT NULL,
  `a4_decimal_point` int(11) DEFAULT 0,
  `barcode_type` int(11) DEFAULT 0,
  `barcode_length` int(11) DEFAULT 0,
  `flag_character` varchar(255) DEFAULT NULL,
  `barcode_start` int(11) DEFAULT 0,
  `code_length` int(11) DEFAULT 0,
  `weight_start` int(11) DEFAULT 0,
  `weight_length` int(11) DEFAULT 0,
  `weight_divider` decimal(8,2) DEFAULT 0.00,
  `email_protocol` int(11) DEFAULT 0,
  `email_host` varchar(255) DEFAULT NULL,
  `email_user` varchar(255) DEFAULT NULL,
  `email_password` varchar(255) DEFAULT NULL,
  `email_port` varchar(255) DEFAULT NULL,
  `email_encrypt` int(11) DEFAULT 0,
  `email_path` varchar(255) DEFAULT NULL,
  `client_value` decimal(8,2) DEFAULT 0.00,
  `client_points` decimal(8,2) DEFAULT 0.00,
  `employee_value` decimal(8,2) DEFAULT 0.00,
  `employee_points` decimal(8,2) DEFAULT 0.00,
  `is_tobacco` int(11) DEFAULT 0,
  `tobacco_tax` decimal(8,2) DEFAULT 0.00,
  `enable_inventory` int(11) NOT NULL DEFAULT 1,
  `valid_to` varchar(255) NOT NULL DEFAULT '',
  `contact_phone` varchar(255) NOT NULL DEFAULT '',
  `enable_accounting` int(11) NOT NULL DEFAULT 1,
  `max_users` int(11) NOT NULL DEFAULT 2,
  `max_branches` int(11) NOT NULL DEFAULT 1,
  `created_at` timestamp NULL DEFAULT NULL,
  `updated_at` timestamp NULL DEFAULT NULL
) ENGINE=MyISAM DEFAULT CHARSET=utf8mb4 COLLATE=utf8mb4_unicode_ci;

--
-- Dumping data for table `system_settings`
--

INSERT INTO `system_settings` (`id`, `company_name`, `currency_id`, `email`, `client_group_id`, `nom_of_days_to_edit_bill`, `branch_id`, `cashier_id`, `item_tax`, `item_expired`, `img_width`, `img_height`, `small_img_width`, `small_img_height`, `barcode_break`, `sell_without_stock`, `customize_refNumber`, `item_serial`, `adding_item_method`, `payment_method`, `sales_prefix`, `sales_return_prefix`, `payment_prefix`, `purchase_payment_prefix`, `deliver_prefix`, `purchase_prefix`, `purchase_return_prefix`, `transaction_prefix`, `expenses_prefix`, `store_prefix`, `quotation_prefix`, `update_qnt_prefix`, `fraction_number`, `qnt_decimal_point`, `decimal_type`, `thousand_type`, `show_currency`, `currency_label`, `a4_decimal_point`, `barcode_type`, `barcode_length`, `flag_character`, `barcode_start`, `code_length`, `weight_start`, `weight_length`, `weight_divider`, `email_protocol`, `email_host`, `email_user`, `email_password`, `email_port`, `email_encrypt`, `email_path`, `client_value`, `client_points`, `employee_value`, `employee_points`, `is_tobacco`, `tobacco_tax`, `enable_inventory`, `valid_to`, `contact_phone`, `enable_accounting`, `max_users`, `max_branches`, `created_at`, `updated_at`) VALUES
(1, 'شركة عامة', 1, NULL, 3, 2, 1, 1, 2, 0, 800.00, 800.00, 150.00, 150.00, 0, 0, 4, 0, 0, 0, 'SA', 'RSA', NULL, NULL, NULL, 'PU', 'PUR', NULL, 'EXP', NULL, NULL, NULL, 0, 0, 0, 0, 0, NULL, 0, 0, 16, NULL, 0, 5, 0, 5, 5.00, 0, NULL, NULL, NULL, NULL, 0, NULL, 1000.00, 20.00, 1000.00, 20.00, 1, 99.00, 1, '2024-07-01', '771505198', 1, 10, 10, NULL, '2024-05-24 19:37:13');

-- --------------------------------------------------------

--
-- Table structure for table `tax_excise`
--

CREATE TABLE `tax_excise` (
  `id` int(11) NOT NULL,
  `name` varchar(255) NOT NULL,
  `rate` decimal(8,2) NOT NULL,
  `status` tinyint(4) NOT NULL DEFAULT 1,
  `created_at` timestamp NOT NULL DEFAULT current_timestamp() ON UPDATE current_timestamp(),
  `updated_at` timestamp NOT NULL DEFAULT '0000-00-00 00:00:00'
) ENGINE=MyISAM DEFAULT CHARSET=utf8mb4 COLLATE=utf8mb4_bin;

--
-- Dumping data for table `tax_excise`
--

INSERT INTO `tax_excise` (`id`, `name`, `rate`, `status`, `created_at`, `updated_at`) VALUES
(1, 'التبغ ومشتقاته, مشروبات الطاقة', 100.00, 1, '2024-04-18 21:03:00', '2024-04-18 21:03:00'),
(2, 'المشروبات الغازية, المشروبات المحلاه', 50.00, 1, '2024-04-18 21:03:31', '2024-04-18 21:03:31');

-- --------------------------------------------------------

--
-- Table structure for table `tax_rates`
--

CREATE TABLE `tax_rates` (
  `id` bigint(20) UNSIGNED NOT NULL,
  `code` varchar(255) DEFAULT NULL,
  `name` varchar(255) NOT NULL,
  `rate` decimal(8,2) NOT NULL,
  `type` int(11) NOT NULL,
  `created_at` timestamp NULL DEFAULT NULL,
  `updated_at` timestamp NULL DEFAULT NULL
) ENGINE=MyISAM DEFAULT CHARSET=utf8mb4 COLLATE=utf8mb4_unicode_ci;

--
-- Dumping data for table `tax_rates`
--

INSERT INTO `tax_rates` (`id`, `code`, `name`, `rate`, `type`, `created_at`, `updated_at`) VALUES
(1, '1', 'بدون ضريبة', 0.00, 0, '2023-07-27 19:48:18', '2024-03-24 20:32:39'),
(2, '2', 'قيمة مضافة %5', 5.00, 0, '2023-07-27 19:48:57', '2023-07-27 19:48:57'),
(3, '3', 'قيمة مضافة %15', 15.00, 0, NULL, NULL),
(5, '', 'ضريبة انتقائية', 100.00, 0, '2025-09-09 17:21:57', '2025-09-09 17:21:57');

-- --------------------------------------------------------

--
-- Table structure for table `units`
--

CREATE TABLE `units` (
  `id` bigint(20) UNSIGNED NOT NULL,
  `code` varchar(255) NOT NULL,
  `name` varchar(255) NOT NULL,
  `created_at` timestamp NULL DEFAULT NULL,
  `updated_at` timestamp NULL DEFAULT NULL
) ENGINE=MyISAM DEFAULT CHARSET=utf8mb4 COLLATE=utf8mb4_unicode_ci;

--
-- Dumping data for table `units`
--

INSERT INTO `units` (`id`, `code`, `name`, `created_at`, `updated_at`) VALUES
(1, '1', 'قطعة', '2023-07-27 18:19:14', '2023-07-27 18:19:14'),
(2, '2', 'كرتون', '2023-07-27 18:19:27', '2024-03-24 18:37:52'),
(3, '3', 'حبة', '2024-04-05 17:11:01', '2024-04-05 17:20:56'),
(4, '4', 'لتر', '2024-04-05 17:11:40', '2024-04-05 17:11:40'),
(5, '5', 'جرام', '2024-04-05 17:11:49', '2024-04-05 17:11:49'),
(6, '6', 'كيس', '2024-04-26 11:29:23', '2024-04-26 11:29:23'),
(7, '7', 'علبة', '2024-04-26 11:36:45', '2024-04-26 11:36:45'),
(8, '8', 'باكت', '2024-04-26 11:37:36', '2024-04-26 11:37:36'),
(9, '9', 'خدمة', '2024-05-24 19:16:04', '2024-05-24 19:16:04');

-- --------------------------------------------------------

--
-- Table structure for table `update_quntities`
--

CREATE TABLE `update_quntities` (
  `id` bigint(20) UNSIGNED NOT NULL,
  `identifier` varchar(255) NOT NULL,
  `bill_date` datetime DEFAULT NULL,
  `bill_number` varchar(255) NOT NULL,
  `warehouse_id` int(11) NOT NULL,
  `user_id` int(11) NOT NULL,
  `notes` varchar(255) NOT NULL,
  `created_at` timestamp NULL DEFAULT NULL,
  `updated_at` timestamp NULL DEFAULT NULL
) ENGINE=MyISAM DEFAULT CHARSET=utf8mb4 COLLATE=utf8mb4_unicode_ci;

--
-- Dumping data for table `update_quntities`
--

INSERT INTO `update_quntities` (`id`, `identifier`, `bill_date`, `bill_number`, `warehouse_id`, `user_id`, `notes`, `created_at`, `updated_at`) VALUES
(1, '88q3chgp25oo44000g0k', '2024-03-25 22:48:00', '000001', 1, 1, '', '2024-03-25 16:48:28', '2024-03-25 17:02:35');

-- --------------------------------------------------------

--
-- Table structure for table `update_quntity_details`
--

CREATE TABLE `update_quntity_details` (
  `id` bigint(20) UNSIGNED NOT NULL,
  `identifier` varchar(255) NOT NULL,
  `update_qnt_id` int(11) NOT NULL,
  `item_id` int(11) NOT NULL,
  `type` int(11) NOT NULL,
  `qnt` int(11) NOT NULL,
  `notes` varchar(255) NOT NULL,
  `created_at` timestamp NULL DEFAULT NULL,
  `updated_at` timestamp NULL DEFAULT NULL
) ENGINE=MyISAM DEFAULT CHARSET=utf8mb4 COLLATE=utf8mb4_unicode_ci;

--
-- Dumping data for table `update_quntity_details`
--

INSERT INTO `update_quntity_details` (`id`, `identifier`, `update_qnt_id`, `item_id`, `type`, `qnt`, `notes`, `created_at`, `updated_at`) VALUES
(2, '88q3chgp25oo44000g0k', 1, 4, 1, 7, '', '2024-03-25 17:02:35', '2024-03-25 17:02:35');

-- --------------------------------------------------------

--
-- Table structure for table `users`
--

CREATE TABLE `users` (
  `id` bigint(20) UNSIGNED NOT NULL,
  `name` varchar(255) NOT NULL,
  `email` varchar(255) NOT NULL,
  `password` varchar(255) NOT NULL,
  `branch_id` smallint(6) DEFAULT NULL,
  `phone_number` int(11) DEFAULT NULL,
  `profile_pic` varchar(100) DEFAULT NULL,
  `role_name` varchar(100) NOT NULL,
  `status` tinyint(4) NOT NULL DEFAULT 1,
  `remember_token` varchar(255) DEFAULT NULL,
  `created_at` timestamp NULL DEFAULT NULL,
  `updated_at` timestamp NULL DEFAULT NULL
) ENGINE=MyISAM DEFAULT CHARSET=utf8mb4 COLLATE=utf8mb4_unicode_ci;

--
-- Dumping data for table `users`
--

INSERT INTO `users` (`id`, `name`, `email`, `password`, `branch_id`, `phone_number`, `profile_pic`, `role_name`, `status`, `remember_token`, `created_at`, `updated_at`) VALUES
(1, 'yasser', 'info@admin.com', '$2y$12$alVdCk72uiJvjU15WTNQJOwKEYVFlQ1g/9zBjBS2CsrIJxF.Wqs2m', NULL, NULL, '', 'مدير النظام', 1, 'ZqwbyJRziOvJg5tkHXauqckYlP651IBkeEX9Z5pwUWOnFfwUP59kO499rhp4', NULL, '2024-04-10 21:41:05'),
(2, 'مستخدم2', 'u2@admin.com', '$2y$12$PsgJBN3MqqcaDTWdBbrrVO32sZ.aL5UUTIBxnhWcqO2hESkKX/EE2', 2, NULL, NULL, 'مدير فرع', 1, '4xoOYNW8SYyL6LFqxJ2yNWejZ9vUBIiIqDAkKVCzlR26vh8IpUV3pRKW7dlN', '2024-04-22 12:52:37', '2024-04-22 13:13:48'),
(3, 'مستخدم1', 'u1@admin.com', '$2y$12$cds/VuIzGGtU6tUGCm3/bel7jr15hMTqAovucDub22M5DgB/ZOHZS', 1, NULL, NULL, 'مدير فرع', 1, '9nXgEadS8eF1O8Ywc7KgGZonRWkX0k3Ya3KBaHFFjdiHxqjrpt0uQOqyihKy', '2024-04-22 13:38:54', '2024-04-22 13:38:54');

-- --------------------------------------------------------

--
-- Table structure for table `user_groups`
--

CREATE TABLE `user_groups` (
  `id` bigint(20) UNSIGNED NOT NULL,
  `name` varchar(255) NOT NULL,
  `description` text DEFAULT NULL,
  `created_at` timestamp NULL DEFAULT NULL,
  `updated_at` timestamp NULL DEFAULT NULL
) ENGINE=MyISAM DEFAULT CHARSET=utf8mb4 COLLATE=utf8mb4_unicode_ci;

-- --------------------------------------------------------

--
-- Table structure for table `vendor_movements`
--

CREATE TABLE `vendor_movements` (
  `id` bigint(20) UNSIGNED NOT NULL,
  `vendor_id` int(11) NOT NULL,
  `paid` double NOT NULL,
  `debit` double NOT NULL,
  `credit` double NOT NULL,
  `date` varchar(255) NOT NULL,
  `invoice_type` varchar(255) NOT NULL,
  `invoice_id` double NOT NULL,
  `invoice_no` varchar(255) NOT NULL,
  `paid_by` varchar(255) NOT NULL,
  `branch_id` int(11) NOT NULL,
  `created_at` timestamp NULL DEFAULT NULL,
  `updated_at` timestamp NULL DEFAULT NULL
) ENGINE=MyISAM DEFAULT CHARSET=utf8mb4 COLLATE=utf8mb4_unicode_ci;

--
-- Dumping data for table `vendor_movements`
--

INSERT INTO `vendor_movements` (`id`, `vendor_id`, `paid`, `debit`, `credit`, `date`, `invoice_type`, `invoice_id`, `invoice_no`, `paid_by`, `branch_id`, `created_at`, `updated_at`) VALUES
(1, 4, 0, 0, 20250, '2024-05-04', 'Purchases', 1, 'PU-1-000001', '', 1, '2024-05-04 13:23:41', '2024-05-04 13:23:41'),
(2, 4, 0, 0, 183000, '2024-05-04', 'Purchases', 2, 'PU-1-000002', '', 1, '2024-05-04 13:25:55', '2024-05-04 13:25:55'),
(3, 4, 0, 0, 100, '2024-05-04', 'Purchases', 3, 'PU-1-000003', '', 1, '2024-05-04 13:27:55', '2024-05-04 13:27:55'),
(4, 4, 0, 0, -100, '2024-05-04', 'Purchases', 4, 'PUR-1-000001', '', 1, '2024-05-04 13:28:05', '2024-05-04 13:28:05'),
(5, 1, 0, 12, 0, '2024-05-04', 'Sales', 1, 'SA-1-000001', '', 1, '2024-05-04 13:29:50', '2024-05-04 13:29:50'),
(6, 1, 0, 0, 12, '2024-05-04', 'Sale_Payment', 1, 'SA-1-000001', 'cash', 1, '2024-05-04 13:29:51', '2024-05-04 13:29:51'),
(7, 1, 0, 200, 0, '2024-05-04', 'Sales', 2, 'SA-1-000002', '', 1, '2024-05-04 13:30:53', '2024-05-04 13:30:53'),
(8, 1, 0, 0, 200, '2024-05-04', 'Sale_Payment', 2, 'SA-1-000002', 'cash', 1, '2024-05-04 13:30:57', '2024-05-04 13:30:57'),
(9, 1, 0, 50, 0, '2024-05-04', 'Sales', 3, 'SA-1-000003', '', 1, '2024-05-04 13:31:33', '2024-05-04 13:31:33'),
(10, 1, 0, 0, 50, '2024-05-04', 'Sale_Payment', 3, 'SA-1-000003', 'cash', 1, '2024-05-04 13:31:34', '2024-05-04 13:31:34'),
(11, 1, 0, -50, 0, '2024-05-04', 'Sales', 4, 'RSA-1-000001', '', 1, '2024-05-04 13:32:00', '2024-05-04 13:32:00'),
(12, 4, 0, 0, 1330, '2024-05-04', 'Purchases', 5, 'PU-1-000004', '', 1, '2024-05-04 13:36:11', '2024-05-04 13:36:11'),
(13, 4, 0, 0, 19080, '2024-05-04', 'Purchases', 6, 'PU-2-000001', '', 2, '2024-05-04 13:41:33', '2024-05-04 13:41:33'),
(14, 4, 0, 0, 183000, '2024-05-04', 'Purchases', 7, 'PU-2-000002', '', 2, '2024-05-04 13:43:56', '2024-05-04 13:43:56'),
(15, 4, 0, 0, 600, '2024-05-04', 'Purchases', 8, 'PU-2-000003', '', 2, '2024-05-04 13:45:00', '2024-05-04 13:45:00'),
(16, 4, 0, 0, 250, '2024-05-04', 'Purchases', 9, 'PU-2-000004', '', 2, '2024-05-04 13:45:26', '2024-05-04 13:45:26'),
(17, 4, 0, 0, -250, '2024-05-04', 'Purchases', 10, 'PUR-2-000001', '', 2, '2024-05-04 13:45:34', '2024-05-04 13:45:34'),
(18, 1, 0, 34.25, 0, '2024-05-04', 'Sales', 5, 'SA-2-000001', '', 2, '2024-05-04 13:46:29', '2024-05-04 13:46:29'),
(19, 1, 0, 0, 34.25, '2024-05-04', 'Sale_Payment', 4, 'SA-2-000001', 'cash', 2, '2024-05-04 13:46:29', '2024-05-04 13:46:29'),
(20, 1, 0, 100, 0, '2024-05-04', 'Sales', 6, 'SA-2-000002', '', 2, '2024-05-04 13:47:24', '2024-05-04 13:47:24'),
(21, 1, 0, 0, 100, '2024-05-04', 'Sale_Payment', 5, 'SA-2-000002', 'cash', 2, '2024-05-04 13:47:24', '2024-05-04 13:47:24'),
(22, 1, 0, -100, 0, '2024-05-04', 'Sales', 7, 'RSA-2-000001', '', 2, '2024-05-04 13:47:40', '2024-05-04 13:47:40'),
(23, 1, 0, 7, 0, '2024-05-04', 'Sales', 8, 'SA-2-000003', '', 2, '2024-05-04 17:35:44', '2024-05-04 17:35:44'),
(24, 1, 0, 0, 7, '2024-05-04', 'Sale_Payment', 6, 'SA-2-000003', 'cash', 2, '2024-05-04 17:35:49', '2024-05-04 17:35:49'),
(25, 4, 0, 2000, 0, '2024-05-04', 'Purchase_Payment', 7, 'PU-2-000001', 'cash', 2, '2024-05-04 17:37:59', '2024-05-04 17:37:59'),
(26, 4, 0, 1000, 0, '2024-05-04', 'Purchase_Payment', 8, 'PU-2-000001', 'cash', 2, '2024-05-04 17:39:08', '2024-05-04 17:39:08'),
(27, 1, 0, 120, 0, '2024-05-04', 'Sales', 9, 'SA-2-000004', '', 2, '2024-05-04 17:41:06', '2024-05-04 17:41:06'),
(28, 1, 0, 0, 120, '2024-05-04', 'Sale_Payment', 9, 'SA-2-000004', 'cash', 2, '2024-05-04 17:41:11', '2024-05-04 17:41:11'),
(29, 1, 0, 8, 0, '2024-05-04', 'Sales', 10, 'SA-2-000005', '', 2, '2024-05-04 17:41:57', '2024-05-04 17:41:57'),
(30, 1, 0, 0, 8, '2024-05-04', 'Sale_Payment', 10, 'SA-2-000005', 'cash', 2, '2024-05-04 17:42:03', '2024-05-04 17:42:03'),
(31, 4, 0, 0, 640, '2024-05-04', 'Purchases', 11, 'PU-2-000005', '', 2, '2024-05-04 17:43:11', '2024-05-04 17:43:11'),
(32, 1, 0, 320, 0, '2024-05-06', 'Sales', 11, 'SA-1-000004', '', 1, '2024-05-05 18:41:06', '2024-05-05 18:41:06'),
(33, 1, 0, 0, 320, '2024-05-05', 'Sale_Payment', 11, 'SA-1-000004', 'cash', 1, '2024-05-05 18:41:18', '2024-05-05 18:41:18'),
(34, 6, 0, 800, 0, '2024-05-25', 'Sales', 12, 'SA-1-000005', '', 1, '2024-05-24 19:21:25', '2024-05-24 19:21:25'),
(35, 6, 0, 0, 800, '2024-05-24', 'Sale_Payment', 12, 'SA-1-000005', 'cash', 1, '2024-05-24 19:21:25', '2024-05-24 19:21:25'),
(36, 1, 0, 800, 0, '2024-04-18', 'Sales', 13, 'SA-1-000006', '', 1, '2024-05-24 19:32:02', '2024-05-24 19:32:02'),
(37, 1, 0, 0, 800, '2024-05-24', 'Sale_Payment', 13, 'SA-1-000006', 'visa', 1, '2024-05-24 19:32:02', '2024-05-24 19:32:02'),
(38, 6, 0, 800, 0, '2024-04-18', 'Sales', 14, 'SA-1-000007', '', 1, '2024-05-24 19:32:44', '2024-05-24 19:32:44'),
(39, 6, 0, 0, 800, '2024-05-24', 'Sale_Payment', 14, 'SA-1-000007', 'visa', 1, '2024-05-24 19:32:44', '2024-05-24 19:32:44'),
(40, 1, 0, 1.5, 0, '2025-10-10', 'Sales', 15, 'SA-1-000008', '', 1, '2025-10-10 11:46:41', '2025-10-10 11:46:41'),
(41, 1, 0, 0, 1.5, '2025-10-10', 'Sale_Payment', 15, 'SA-1-000008', 'cash', 1, '2025-10-10 11:47:51', '2025-10-10 11:47:51'),
(42, 1, 0, 7.5, 0, '2025-10-10', 'Sales', 16, 'SA-1-000009', '', 1, '2025-10-10 11:52:19', '2025-10-10 11:52:19'),
(43, 1, 0, 6, 0, '2025-10-10', 'Sales', 17, 'SA-1-000010', '', 1, '2025-10-10 11:53:08', '2025-10-10 11:53:08'),
(44, 1, 0, 1.5, 0, '2025-10-10', 'Sales', 18, 'SA-1-000011', '', 1, '2025-10-10 11:53:56', '2025-10-10 11:53:56'),
(45, 1, 0, 4.5, 0, '2025-10-10', 'Sales', 19, 'SA-1-000012', '', 1, '2025-10-10 11:54:32', '2025-10-10 11:54:32'),
(46, 1, 0, 0, 1.5, '2025-10-10', 'Sale_Payment', 16, 'SA-1-000012', 'cash', 1, '2025-10-10 11:54:52', '2025-10-10 11:54:52'),
(47, 1, 0, 0, 3, '2025-10-10', 'Sale_Payment', 17, 'SA-1-000012', 'visa', 1, '2025-10-10 11:54:52', '2025-10-10 11:54:52'),
(48, 7, 0, 0, 250, '2025-10-10', 'Purchases', 12, 'PU-1-000005', '', 1, '2025-10-10 12:09:57', '2025-10-10 12:09:57'),
(49, 7, 0, 0, 125, '2025-10-10', 'Purchases', 13, 'PU-1-000006', '', 1, '2025-10-10 12:13:34', '2025-10-10 12:13:34');

-- --------------------------------------------------------

--
-- Table structure for table `visits`
--

CREATE TABLE `visits` (
  `id` bigint(20) UNSIGNED NOT NULL,
  `rep_id` int(11) NOT NULL,
  `client_id` int(11) NOT NULL,
  `type` int(11) NOT NULL,
  `date` date NOT NULL,
  `state` int(11) NOT NULL,
  `notes` text NOT NULL,
  `created_at` timestamp NULL DEFAULT NULL,
  `updated_at` timestamp NULL DEFAULT NULL
) ENGINE=MyISAM DEFAULT CHARSET=utf8mb4 COLLATE=utf8mb4_unicode_ci;

-- --------------------------------------------------------

--
-- Table structure for table `warehouses`
--

CREATE TABLE `warehouses` (
  `id` bigint(20) UNSIGNED NOT NULL,
  `code` varchar(255) NOT NULL,
  `name` varchar(255) NOT NULL,
  `phone` varchar(255) NOT NULL,
  `email` varchar(255) NOT NULL,
  `address` varchar(255) DEFAULT NULL,
  `tax_number` varchar(255) DEFAULT NULL,
  `commercial_registration` varchar(255) DEFAULT NULL,
  `serial_prefix` varchar(255) DEFAULT NULL,
  `branch_id` int(11) NOT NULL,
  `user_id` int(11) NOT NULL,
  `status` tinyint(4) NOT NULL DEFAULT 1,
  `created_at` timestamp NULL DEFAULT NULL,
  `updated_at` timestamp NULL DEFAULT NULL
) ENGINE=MyISAM DEFAULT CHARSET=utf8mb4 COLLATE=utf8mb4_unicode_ci;

--
-- Dumping data for table `warehouses`
--

INSERT INTO `warehouses` (`id`, `code`, `name`, `phone`, `email`, `address`, `tax_number`, `commercial_registration`, `serial_prefix`, `branch_id`, `user_id`, `status`, `created_at`, `updated_at`) VALUES
(1, '0001', 'المخزن الرئيسي', '0771505198', 'info@admin.com', 'بريدة', '0230361256', 'VT-K1251', 'MS', 1, 1, 1, '2023-07-27 15:07:48', '2024-04-26 13:24:06'),
(2, '2', 'مخزن فرع 2', '0771505198', 'info@admin.com', 'بريدة', ' ', ' ', 'MS', 2, 1, 1, '2024-04-22 12:50:36', '2024-04-22 12:50:48');

-- --------------------------------------------------------

--
-- Table structure for table `warehouse_movements`
--

CREATE TABLE `warehouse_movements` (
  `id` bigint(20) NOT NULL,
  `warehouse_id` int(11) NOT NULL,
  `product_id` int(11) NOT NULL,
  `debit` int(11) NOT NULL,
  `credit` int(11) NOT NULL,
  `invoice_type` varchar(50) NOT NULL,
  `invoice_id` int(11) NOT NULL,
  `invoice_no` varchar(50) NOT NULL,
  `user_id` int(11) NOT NULL,
  `created_at` timestamp NOT NULL DEFAULT current_timestamp() ON UPDATE current_timestamp(),
  `updated_at` timestamp NOT NULL DEFAULT '0000-00-00 00:00:00'
) ENGINE=MyISAM DEFAULT CHARSET=utf8 COLLATE=utf8_general_ci;

--
-- Dumping data for table `warehouse_movements`
--

INSERT INTO `warehouse_movements` (`id`, `warehouse_id`, `product_id`, `debit`, `credit`, `invoice_type`, `invoice_id`, `invoice_no`, `user_id`, `created_at`, `updated_at`) VALUES
(1, 1, 1, 100, 0, 'Purchase', 1, 'PU-1-000001', 1, '2024-05-04 13:23:41', '2024-05-04 13:23:41'),
(2, 1, 2, 100, 0, 'Purchase', 1, 'PU-1-000001', 1, '2024-05-04 13:23:41', '2024-05-04 13:23:41'),
(3, 1, 6, 100, 0, 'Purchase', 1, 'PU-1-000001', 1, '2024-05-04 13:23:41', '2024-05-04 13:23:41'),
(4, 1, 8, 100, 0, 'Purchase', 1, 'PU-1-000001', 1, '2024-05-04 13:23:41', '2024-05-04 13:23:41'),
(5, 1, 10, 100, 0, 'Purchase', 1, 'PU-1-000001', 1, '2024-05-04 13:23:41', '2024-05-04 13:23:41'),
(6, 1, 12, 100, 0, 'Purchase', 1, 'PU-1-000001', 1, '2024-05-04 13:23:41', '2024-05-04 13:23:41'),
(7, 1, 14, 100, 0, 'Purchase', 1, 'PU-1-000001', 1, '2024-05-04 13:23:41', '2024-05-04 13:23:41'),
(8, 1, 15, 100, 0, 'Purchase', 1, 'PU-1-000001', 1, '2024-05-04 13:23:41', '2024-05-04 13:23:41'),
(9, 1, 16, 100, 0, 'Purchase', 1, 'PU-1-000001', 1, '2024-05-04 13:23:41', '2024-05-04 13:23:41'),
(10, 1, 33, 100, 0, 'Purchase', 1, 'PU-1-000001', 1, '2024-05-04 13:23:41', '2024-05-04 13:23:41'),
(11, 1, 34, 100, 0, 'Purchase', 1, 'PU-1-000001', 1, '2024-05-04 13:23:41', '2024-05-04 13:23:41'),
(12, 1, 17, 100, 0, 'Purchase', 2, 'PU-1-000002', 1, '2024-05-04 13:25:55', '2024-05-04 13:25:55'),
(13, 1, 18, 100, 0, 'Purchase', 2, 'PU-1-000002', 1, '2024-05-04 13:25:55', '2024-05-04 13:25:55'),
(14, 1, 19, 100, 0, 'Purchase', 2, 'PU-1-000002', 1, '2024-05-04 13:25:55', '2024-05-04 13:25:55'),
(15, 1, 20, 100, 0, 'Purchase', 2, 'PU-1-000002', 1, '2024-05-04 13:25:55', '2024-05-04 13:25:55'),
(16, 1, 21, 100, 0, 'Purchase', 2, 'PU-1-000002', 1, '2024-05-04 13:25:55', '2024-05-04 13:25:55'),
(17, 1, 26, 100, 0, 'Purchase', 2, 'PU-1-000002', 1, '2024-05-04 13:25:55', '2024-05-04 13:25:55'),
(18, 1, 27, 100, 0, 'Purchase', 2, 'PU-1-000002', 1, '2024-05-04 13:25:55', '2024-05-04 13:25:55'),
(19, 1, 28, 100, 0, 'Purchase', 2, 'PU-1-000002', 1, '2024-05-04 13:25:55', '2024-05-04 13:25:55'),
(20, 1, 29, 100, 0, 'Purchase', 2, 'PU-1-000002', 1, '2024-05-04 13:25:55', '2024-05-04 13:25:55'),
(21, 1, 30, 100, 0, 'Purchase', 2, 'PU-1-000002', 1, '2024-05-04 13:25:55', '2024-05-04 13:25:55'),
(22, 1, 31, 100, 0, 'Purchase', 2, 'PU-1-000002', 1, '2024-05-04 13:25:55', '2024-05-04 13:25:55'),
(23, 1, 32, 100, 0, 'Purchase', 2, 'PU-1-000002', 1, '2024-05-04 13:25:55', '2024-05-04 13:25:55'),
(24, 1, 34, 50, 0, 'Purchase', 3, 'PU-1-000003', 1, '2024-05-04 13:27:55', '2024-05-04 13:27:55'),
(25, 1, 33, 0, 1, 'Sales', 1, 'SA-1-000001', 1, '2024-05-04 13:29:50', '2024-05-04 13:29:50'),
(26, 1, 34, 0, 2, 'Sales', 1, 'SA-1-000001', 1, '2024-05-04 13:29:50', '2024-05-04 13:29:50'),
(27, 1, 20, 0, 1, 'Sales', 2, 'SA-1-000002', 1, '2024-05-04 13:30:53', '2024-05-04 13:30:53'),
(28, 1, 21, 0, 1, 'Sales', 2, 'SA-1-000002', 1, '2024-05-04 13:30:53', '2024-05-04 13:30:53'),
(29, 1, 10, 0, 1, 'Sales', 3, 'SA-1-000003', 1, '2024-05-04 13:31:33', '2024-05-04 13:31:33'),
(30, 1, 22, 20, 0, 'Purchase', 5, 'PU-1-000004', 1, '2024-05-04 13:36:11', '2024-05-04 13:36:11'),
(31, 1, 23, 30, 0, 'Purchase', 5, 'PU-1-000004', 1, '2024-05-04 13:36:11', '2024-05-04 13:36:11'),
(32, 1, 24, 40, 0, 'Purchase', 5, 'PU-1-000004', 1, '2024-05-04 13:36:11', '2024-05-04 13:36:11'),
(33, 1, 25, 50, 0, 'Purchase', 5, 'PU-1-000004', 1, '2024-05-04 13:36:11', '2024-05-04 13:36:11'),
(34, 2, 1, 10, 0, 'Purchase', 6, 'PU-2-000001', 2, '2024-05-04 13:41:33', '2024-05-04 13:41:33'),
(35, 2, 2, 20, 0, 'Purchase', 6, 'PU-2-000001', 2, '2024-05-04 13:41:33', '2024-05-04 13:41:33'),
(36, 2, 6, 30, 0, 'Purchase', 6, 'PU-2-000001', 2, '2024-05-04 13:41:33', '2024-05-04 13:41:33'),
(37, 2, 8, 40, 0, 'Purchase', 6, 'PU-2-000001', 2, '2024-05-04 13:41:33', '2024-05-04 13:41:33'),
(38, 2, 10, 50, 0, 'Purchase', 6, 'PU-2-000001', 2, '2024-05-04 13:41:33', '2024-05-04 13:41:33'),
(39, 2, 12, 60, 0, 'Purchase', 6, 'PU-2-000001', 2, '2024-05-04 13:41:33', '2024-05-04 13:41:33'),
(40, 2, 14, 70, 0, 'Purchase', 6, 'PU-2-000001', 2, '2024-05-04 13:41:33', '2024-05-04 13:41:33'),
(41, 2, 15, 80, 0, 'Purchase', 6, 'PU-2-000001', 2, '2024-05-04 13:41:33', '2024-05-04 13:41:33'),
(42, 2, 16, 90, 0, 'Purchase', 6, 'PU-2-000001', 2, '2024-05-04 13:41:33', '2024-05-04 13:41:33'),
(43, 2, 22, 100, 0, 'Purchase', 6, 'PU-2-000001', 2, '2024-05-04 13:41:33', '2024-05-04 13:41:33'),
(44, 2, 23, 100, 0, 'Purchase', 6, 'PU-2-000001', 2, '2024-05-04 13:41:33', '2024-05-04 13:41:33'),
(45, 2, 24, 100, 0, 'Purchase', 6, 'PU-2-000001', 2, '2024-05-04 13:41:33', '2024-05-04 13:41:33'),
(46, 2, 25, 100, 0, 'Purchase', 6, 'PU-2-000001', 2, '2024-05-04 13:41:33', '2024-05-04 13:41:33'),
(47, 2, 33, 100, 0, 'Purchase', 6, 'PU-2-000001', 2, '2024-05-04 13:41:33', '2024-05-04 13:41:33'),
(48, 2, 34, 100, 0, 'Purchase', 6, 'PU-2-000001', 2, '2024-05-04 13:41:33', '2024-05-04 13:41:33'),
(49, 2, 17, 100, 0, 'Purchase', 7, 'PU-2-000002', 2, '2024-05-04 13:43:56', '2024-05-04 13:43:56'),
(50, 2, 18, 100, 0, 'Purchase', 7, 'PU-2-000002', 2, '2024-05-04 13:43:56', '2024-05-04 13:43:56'),
(51, 2, 19, 100, 0, 'Purchase', 7, 'PU-2-000002', 2, '2024-05-04 13:43:56', '2024-05-04 13:43:56'),
(52, 2, 20, 100, 0, 'Purchase', 7, 'PU-2-000002', 2, '2024-05-04 13:43:56', '2024-05-04 13:43:56'),
(53, 2, 21, 100, 0, 'Purchase', 7, 'PU-2-000002', 2, '2024-05-04 13:43:56', '2024-05-04 13:43:56'),
(54, 2, 26, 100, 0, 'Purchase', 7, 'PU-2-000002', 2, '2024-05-04 13:43:56', '2024-05-04 13:43:56'),
(55, 2, 27, 100, 0, 'Purchase', 7, 'PU-2-000002', 2, '2024-05-04 13:43:56', '2024-05-04 13:43:56'),
(56, 2, 28, 100, 0, 'Purchase', 7, 'PU-2-000002', 2, '2024-05-04 13:43:56', '2024-05-04 13:43:56'),
(57, 2, 29, 100, 0, 'Purchase', 7, 'PU-2-000002', 2, '2024-05-04 13:43:56', '2024-05-04 13:43:56'),
(58, 2, 30, 100, 0, 'Purchase', 7, 'PU-2-000002', 2, '2024-05-04 13:43:56', '2024-05-04 13:43:56'),
(59, 2, 31, 100, 0, 'Purchase', 7, 'PU-2-000002', 2, '2024-05-04 13:43:56', '2024-05-04 13:43:56'),
(60, 2, 32, 100, 0, 'Purchase', 7, 'PU-2-000002', 2, '2024-05-04 13:43:56', '2024-05-04 13:43:56'),
(61, 2, 10, 20, 0, 'Purchase', 8, 'PU-2-000003', 2, '2024-05-04 13:45:00', '2024-05-04 13:45:00'),
(62, 2, 6, 50, 0, 'Purchase', 9, 'PU-2-000004', 2, '2024-05-04 13:45:26', '2024-05-04 13:45:26'),
(63, 2, 6, 0, 5, 'Sales', 5, 'SA-2-000001', 2, '2024-05-04 13:46:29', '2024-05-04 13:46:29'),
(64, 2, 10, 0, 2, 'Sales', 6, 'SA-2-000002', 2, '2024-05-04 13:47:24', '2024-05-04 13:47:24'),
(65, 2, 17, 0, 1, 'Sales', 8, 'SA-2-000003', 2, '2024-05-04 17:35:44', '2024-05-04 17:35:44'),
(66, 2, 20, 0, 1, 'Sales', 9, 'SA-2-000004', 2, '2024-05-04 17:41:06', '2024-05-04 17:41:06'),
(67, 2, 18, 0, 1, 'Sales', 10, 'SA-2-000005', 2, '2024-05-04 17:41:57', '2024-05-04 17:41:57'),
(68, 2, 10, 20, 0, 'Purchase', 11, 'PU-2-000005', 2, '2024-05-04 17:43:11', '2024-05-04 17:43:11'),
(69, 2, 34, 20, 0, 'Purchase', 11, 'PU-2-000005', 2, '2024-05-04 17:43:11', '2024-05-04 17:43:11'),
(70, 1, 20, 0, 2, 'Sales', 11, 'SA-1-000004', 1, '2024-05-05 18:41:06', '2024-05-05 18:41:06'),
(71, 1, 21, 0, 1, 'Sales', 11, 'SA-1-000004', 1, '2024-05-05 18:41:06', '2024-05-05 18:41:06'),
(72, 1, 35, 0, 1, 'Sales', 12, 'SA-1-000005', 1, '2024-05-24 19:21:25', '2024-05-24 19:21:25'),
(73, 1, 35, 0, 1, 'Sales', 13, 'SA-1-000006', 1, '2024-05-24 19:32:02', '2024-05-24 19:32:02'),
(74, 1, 35, 0, 1, 'Sales', 14, 'SA-1-000007', 1, '2024-05-24 19:32:44', '2024-05-24 19:32:44'),
(75, 1, 36, 0, 1, 'Sales', 15, 'SA-1-000008', 1, '2025-10-10 11:46:41', '2025-10-10 11:46:41'),
(76, 1, 36, 0, 5, 'Sales', 16, 'SA-1-000009', 1, '2025-10-10 11:52:19', '2025-10-10 11:52:19'),
(77, 1, 36, 0, 4, 'Sales', 17, 'SA-1-000010', 1, '2025-10-10 11:53:08', '2025-10-10 11:53:08'),
(78, 1, 36, 0, 1, 'Sales', 18, 'SA-1-000011', 1, '2025-10-10 11:53:56', '2025-10-10 11:53:56'),
(79, 1, 36, 0, 3, 'Sales', 19, 'SA-1-000012', 1, '2025-10-10 11:54:32', '2025-10-10 11:54:32'),
(80, 1, 36, 200, 0, 'Purchase', 12, 'PU-1-000005', 1, '2025-10-10 12:09:57', '2025-10-10 12:09:57'),
(81, 1, 36, 100, 0, 'Purchase', 13, 'PU-1-000006', 1, '2025-10-10 12:13:34', '2025-10-10 12:13:34');

-- --------------------------------------------------------

--
-- Table structure for table `warehouse_products`
--

CREATE TABLE `warehouse_products` (
  `id` bigint(20) UNSIGNED NOT NULL,
  `warehouse_id` int(11) NOT NULL,
  `product_id` int(11) NOT NULL,
  `quantity` double NOT NULL,
  `cost` double NOT NULL,
  `created_at` timestamp NULL DEFAULT NULL,
  `updated_at` timestamp NULL DEFAULT NULL
) ENGINE=MyISAM DEFAULT CHARSET=utf8mb4 COLLATE=utf8mb4_unicode_ci;

--
-- Dumping data for table `warehouse_products`
--

INSERT INTO `warehouse_products` (`id`, `warehouse_id`, `product_id`, `quantity`, `cost`, `created_at`, `updated_at`) VALUES
(1, 1, 1, 100, 5, '2024-05-04 13:23:41', '2024-05-04 13:23:41'),
(2, 1, 2, 100, 29.5, '2024-05-04 13:23:41', '2024-05-04 13:23:41'),
(3, 1, 6, 100, 5, '2024-05-04 13:23:41', '2024-05-04 13:23:41'),
(4, 1, 8, 100, 10, '2024-05-04 13:23:41', '2024-05-04 13:23:41'),
(5, 1, 10, 100, 30, '2024-05-04 13:23:41', '2024-05-04 13:32:00'),
(6, 1, 12, 100, 15, '2024-05-04 13:23:41', '2024-05-04 13:23:41'),
(7, 1, 14, 100, 3, '2024-05-04 13:23:41', '2024-05-04 13:23:41'),
(8, 1, 15, 100, 1, '2024-05-04 13:23:41', '2024-05-04 13:23:41'),
(9, 1, 16, 100, 100, '2024-05-04 13:23:41', '2024-05-04 13:23:41'),
(10, 1, 33, 99, 2, '2024-05-04 13:23:41', '2024-05-04 13:29:50'),
(11, 1, 34, 98, 2, '2024-05-04 13:23:41', '2024-05-04 13:29:50'),
(12, 1, 17, 100, 5, '2024-05-04 13:25:55', '2024-05-04 13:25:55'),
(13, 1, 18, 100, 5, '2024-05-04 13:25:55', '2024-05-04 13:25:55'),
(14, 1, 19, 100, 50, '2024-05-04 13:25:55', '2024-05-04 13:25:55'),
(15, 1, 20, 97, 60, '2024-05-04 13:25:55', '2024-05-05 18:41:06'),
(16, 1, 21, 98, 40, '2024-05-04 13:25:55', '2024-05-05 18:41:06'),
(17, 1, 26, 100, 150, '2024-05-04 13:25:55', '2024-05-04 13:25:55'),
(18, 1, 27, 100, 130, '2024-05-04 13:25:55', '2024-05-04 13:25:55'),
(19, 1, 28, 100, 250, '2024-05-04 13:25:55', '2024-05-04 13:25:55'),
(20, 1, 29, 100, 400, '2024-05-04 13:25:55', '2024-05-04 13:25:55'),
(21, 1, 30, 100, 180, '2024-05-04 13:25:55', '2024-05-04 13:25:55'),
(22, 1, 31, 100, 400, '2024-05-04 13:25:55', '2024-05-04 13:25:55'),
(23, 1, 32, 100, 160, '2024-05-04 13:25:55', '2024-05-04 13:25:55'),
(24, 1, 22, 20, 50, '2024-05-04 13:36:11', '2024-05-04 13:36:11'),
(25, 1, 23, 30, 2, '2024-05-04 13:36:11', '2024-05-04 13:36:11'),
(26, 1, 24, 40, 3, '2024-05-04 13:36:11', '2024-05-04 13:36:11'),
(27, 1, 25, 50, 3, '2024-05-04 13:36:11', '2024-05-04 13:36:11'),
(28, 2, 1, 10, 5, '2024-05-04 13:41:33', '2024-05-04 13:41:33'),
(29, 2, 2, 20, 29.5, '2024-05-04 13:41:33', '2024-05-04 13:41:33'),
(30, 2, 6, 25, 5, '2024-05-04 13:41:33', '2024-05-04 13:46:29'),
(31, 2, 8, 40, 10, '2024-05-04 13:41:33', '2024-05-04 13:41:33'),
(32, 2, 10, 90, 30, '2024-05-04 13:41:33', '2024-05-04 17:43:11'),
(33, 2, 12, 60, 15, '2024-05-04 13:41:33', '2024-05-04 13:41:33'),
(34, 2, 14, 70, 3, '2024-05-04 13:41:33', '2024-05-04 13:41:33'),
(35, 2, 15, 80, 1, '2024-05-04 13:41:33', '2024-05-04 13:41:33'),
(36, 2, 16, 90, 100, '2024-05-04 13:41:33', '2024-05-04 13:41:33'),
(37, 2, 22, 100, 50, '2024-05-04 13:41:33', '2024-05-04 13:41:33'),
(38, 2, 23, 100, 2, '2024-05-04 13:41:33', '2024-05-04 13:41:33'),
(39, 2, 24, 100, 3, '2024-05-04 13:41:33', '2024-05-04 13:41:33'),
(40, 2, 25, 100, 3, '2024-05-04 13:41:33', '2024-05-04 13:41:33'),
(41, 2, 33, 100, 2, '2024-05-04 13:41:33', '2024-05-04 13:41:33'),
(42, 2, 34, 120, 2, '2024-05-04 13:41:33', '2024-05-04 17:43:11'),
(43, 2, 17, 99, 5, '2024-05-04 13:43:56', '2024-05-04 17:35:44'),
(44, 2, 18, 99, 5, '2024-05-04 13:43:56', '2024-05-04 17:41:57'),
(45, 2, 19, 100, 50, '2024-05-04 13:43:56', '2024-05-04 13:43:56'),
(46, 2, 20, 99, 60, '2024-05-04 13:43:56', '2024-05-04 17:41:06'),
(47, 2, 21, 100, 40, '2024-05-04 13:43:56', '2024-05-04 13:43:56'),
(48, 2, 26, 100, 150, '2024-05-04 13:43:56', '2024-05-04 13:43:56'),
(49, 2, 27, 100, 130, '2024-05-04 13:43:56', '2024-05-04 13:43:56'),
(50, 2, 28, 100, 250, '2024-05-04 13:43:56', '2024-05-04 13:43:56'),
(51, 2, 29, 100, 400, '2024-05-04 13:43:56', '2024-05-04 13:43:56'),
(52, 2, 30, 100, 180, '2024-05-04 13:43:56', '2024-05-04 13:43:56'),
(53, 2, 31, 100, 400, '2024-05-04 13:43:56', '2024-05-04 13:43:56'),
(54, 2, 32, 100, 160, '2024-05-04 13:43:56', '2024-05-04 13:43:56'),
(55, 1, 35, -3, 500, '2024-05-24 19:14:53', '2024-05-24 19:32:44'),
(56, 2, 35, 0, 500, '2024-05-24 19:14:53', '2024-05-24 19:14:53'),
(57, 1, 36, 286, 1.25, '2025-10-10 11:44:06', '2025-10-10 12:13:34'),
(58, 2, 36, 0, 1.25, '2025-10-10 11:44:06', '2025-10-10 11:44:06'),
(59, 1, 37, 0, 10, '2025-11-05 10:41:42', '2025-11-05 10:41:42'),
(60, 2, 37, 0, 10, '2025-11-05 10:41:42', '2025-11-05 10:41:42');

--
-- Indexes for dumped tables
--

--
-- Indexes for table `accounting_closing`
--
ALTER TABLE `accounting_closing`
  ADD PRIMARY KEY (`id`);

--
-- Indexes for table `accounts_trees`
--
ALTER TABLE `accounts_trees`
  ADD PRIMARY KEY (`id`);

--
-- Indexes for table `account_movements`
--
ALTER TABLE `account_movements`
  ADD PRIMARY KEY (`id`);

--
-- Indexes for table `account_settings`
--
ALTER TABLE `account_settings`
  ADD PRIMARY KEY (`id`);

--
-- Indexes for table `advance_payments`
--
ALTER TABLE `advance_payments`
  ADD PRIMARY KEY (`id`);

--
-- Indexes for table `advance_payment_months`
--
ALTER TABLE `advance_payment_months`
  ADD PRIMARY KEY (`id`);

--
-- Indexes for table `branches`
--
ALTER TABLE `branches`
  ADD PRIMARY KEY (`id`);

--
-- Indexes for table `brands`
--
ALTER TABLE `brands`
  ADD PRIMARY KEY (`id`);

--
-- Indexes for table `cashiers`
--
ALTER TABLE `cashiers`
  ADD PRIMARY KEY (`id`);

--
-- Indexes for table `catch_recipts`
--
ALTER TABLE `catch_recipts`
  ADD PRIMARY KEY (`id`);

--
-- Indexes for table `categories`
--
ALTER TABLE `categories`
  ADD PRIMARY KEY (`id`);

--
-- Indexes for table `companies`
--
ALTER TABLE `companies`
  ADD PRIMARY KEY (`id`);

--
-- Indexes for table `company_infos`
--
ALTER TABLE `company_infos`
  ADD PRIMARY KEY (`id`);

--
-- Indexes for table `currencies`
--
ALTER TABLE `currencies`
  ADD PRIMARY KEY (`id`);

--
-- Indexes for table `customer_groups`
--
ALTER TABLE `customer_groups`
  ADD PRIMARY KEY (`id`);

--
-- Indexes for table `deductions`
--
ALTER TABLE `deductions`
  ADD PRIMARY KEY (`id`);

--
-- Indexes for table `employers`
--
ALTER TABLE `employers`
  ADD PRIMARY KEY (`id`);

--
-- Indexes for table `employer_categories`
--
ALTER TABLE `employer_categories`
  ADD PRIMARY KEY (`id`);

--
-- Indexes for table `expenses`
--
ALTER TABLE `expenses`
  ADD PRIMARY KEY (`id`);

--
-- Indexes for table `expenses_categories`
--
ALTER TABLE `expenses_categories`
  ADD PRIMARY KEY (`id`);

--
-- Indexes for table `expenses_old`
--
ALTER TABLE `expenses_old`
  ADD PRIMARY KEY (`id`);

--
-- Indexes for table `failed_jobs`
--
ALTER TABLE `failed_jobs`
  ADD PRIMARY KEY (`id`);

--
-- Indexes for table `inventorys`
--
ALTER TABLE `inventorys`
  ADD PRIMARY KEY (`id`);

--
-- Indexes for table `inventory_details`
--
ALTER TABLE `inventory_details`
  ADD PRIMARY KEY (`id`),
  ADD UNIQUE KEY `inventory_id` (`inventory_id`,`item_id`);

--
-- Indexes for table `journals`
--
ALTER TABLE `journals`
  ADD PRIMARY KEY (`id`);

--
-- Indexes for table `journal_details`
--
ALTER TABLE `journal_details`
  ADD PRIMARY KEY (`id`);

--
-- Indexes for table `migrations`
--
ALTER TABLE `migrations`
  ADD PRIMARY KEY (`id`);

--
-- Indexes for table `model_has_permissions`
--
ALTER TABLE `model_has_permissions`
  ADD PRIMARY KEY (`permission_id`,`model_id`,`model_type`),
  ADD KEY `model_has_permissions_model_id_model_type_index` (`model_id`,`model_type`);

--
-- Indexes for table `model_has_roles`
--
ALTER TABLE `model_has_roles`
  ADD PRIMARY KEY (`role_id`,`model_id`,`model_type`),
  ADD KEY `model_has_roles_model_id_model_type_index` (`model_id`,`model_type`);

--
-- Indexes for table `payments`
--
ALTER TABLE `payments`
  ADD PRIMARY KEY (`id`);

--
-- Indexes for table `permissions`
--
ALTER TABLE `permissions`
  ADD PRIMARY KEY (`id`);

--
-- Indexes for table `personal_access_tokens`
--
ALTER TABLE `personal_access_tokens`
  ADD PRIMARY KEY (`id`);

--
-- Indexes for table `pos_settings`
--
ALTER TABLE `pos_settings`
  ADD PRIMARY KEY (`id`);

--
-- Indexes for table `products`
--
ALTER TABLE `products`
  ADD PRIMARY KEY (`id`);

--
-- Indexes for table `product_units`
--
ALTER TABLE `product_units`
  ADD PRIMARY KEY (`id`);

--
-- Indexes for table `purchases`
--
ALTER TABLE `purchases`
  ADD PRIMARY KEY (`id`);

--
-- Indexes for table `purchase_details`
--
ALTER TABLE `purchase_details`
  ADD PRIMARY KEY (`id`);

--
-- Indexes for table `representatives`
--
ALTER TABLE `representatives`
  ADD PRIMARY KEY (`id`);

--
-- Indexes for table `rewards`
--
ALTER TABLE `rewards`
  ADD PRIMARY KEY (`id`);

--
-- Indexes for table `roles`
--
ALTER TABLE `roles`
  ADD PRIMARY KEY (`id`);

--
-- Indexes for table `role_has_permissions`
--
ALTER TABLE `role_has_permissions`
  ADD PRIMARY KEY (`permission_id`,`role_id`),
  ADD KEY `role_has_permissions_role_id_foreign` (`role_id`);

--
-- Indexes for table `salary_docs`
--
ALTER TABLE `salary_docs`
  ADD PRIMARY KEY (`id`);

--
-- Indexes for table `salary_doc_details`
--
ALTER TABLE `salary_doc_details`
  ADD PRIMARY KEY (`id`);

--
-- Indexes for table `sales`
--
ALTER TABLE `sales`
  ADD PRIMARY KEY (`id`);

--
-- Indexes for table `sale_details`
--
ALTER TABLE `sale_details`
  ADD PRIMARY KEY (`id`);

--
-- Indexes for table `system_settings`
--
ALTER TABLE `system_settings`
  ADD PRIMARY KEY (`id`);

--
-- Indexes for table `tax_excise`
--
ALTER TABLE `tax_excise`
  ADD PRIMARY KEY (`id`);

--
-- Indexes for table `tax_rates`
--
ALTER TABLE `tax_rates`
  ADD PRIMARY KEY (`id`);

--
-- Indexes for table `units`
--
ALTER TABLE `units`
  ADD PRIMARY KEY (`id`);

--
-- Indexes for table `update_quntities`
--
ALTER TABLE `update_quntities`
  ADD PRIMARY KEY (`id`);

--
-- Indexes for table `update_quntity_details`
--
ALTER TABLE `update_quntity_details`
  ADD PRIMARY KEY (`id`);

--
-- Indexes for table `users`
--
ALTER TABLE `users`
  ADD PRIMARY KEY (`id`);

--
-- Indexes for table `user_groups`
--
ALTER TABLE `user_groups`
  ADD PRIMARY KEY (`id`);

--
-- Indexes for table `vendor_movements`
--
ALTER TABLE `vendor_movements`
  ADD PRIMARY KEY (`id`);

--
-- Indexes for table `visits`
--
ALTER TABLE `visits`
  ADD PRIMARY KEY (`id`);

--
-- Indexes for table `warehouses`
--
ALTER TABLE `warehouses`
  ADD PRIMARY KEY (`id`);

--
-- Indexes for table `warehouse_movements`
--
ALTER TABLE `warehouse_movements`
  ADD PRIMARY KEY (`id`);

--
-- Indexes for table `warehouse_products`
--
ALTER TABLE `warehouse_products`
  ADD PRIMARY KEY (`id`);

--
-- AUTO_INCREMENT for dumped tables
--

--
-- AUTO_INCREMENT for table `accounting_closing`
--
ALTER TABLE `accounting_closing`
  MODIFY `id` int(11) NOT NULL AUTO_INCREMENT, AUTO_INCREMENT=9;

--
-- AUTO_INCREMENT for table `accounts_trees`
--
ALTER TABLE `accounts_trees`
  MODIFY `id` bigint(20) UNSIGNED NOT NULL AUTO_INCREMENT, AUTO_INCREMENT=76;

--
-- AUTO_INCREMENT for table `account_movements`
--
ALTER TABLE `account_movements`
  MODIFY `id` bigint(20) UNSIGNED NOT NULL AUTO_INCREMENT, AUTO_INCREMENT=899;

--
-- AUTO_INCREMENT for table `account_settings`
--
ALTER TABLE `account_settings`
  MODIFY `id` bigint(20) UNSIGNED NOT NULL AUTO_INCREMENT, AUTO_INCREMENT=3;

--
-- AUTO_INCREMENT for table `advance_payments`
--
ALTER TABLE `advance_payments`
  MODIFY `id` bigint(20) UNSIGNED NOT NULL AUTO_INCREMENT;

--
-- AUTO_INCREMENT for table `advance_payment_months`
--
ALTER TABLE `advance_payment_months`
  MODIFY `id` bigint(20) UNSIGNED NOT NULL AUTO_INCREMENT;

--
-- AUTO_INCREMENT for table `branches`
--
ALTER TABLE `branches`
  MODIFY `id` int(11) NOT NULL AUTO_INCREMENT, AUTO_INCREMENT=3;

--
-- AUTO_INCREMENT for table `brands`
--
ALTER TABLE `brands`
  MODIFY `id` bigint(20) UNSIGNED NOT NULL AUTO_INCREMENT, AUTO_INCREMENT=5;

--
-- AUTO_INCREMENT for table `cashiers`
--
ALTER TABLE `cashiers`
  MODIFY `id` bigint(20) UNSIGNED NOT NULL AUTO_INCREMENT, AUTO_INCREMENT=3;

--
-- AUTO_INCREMENT for table `catch_recipts`
--
ALTER TABLE `catch_recipts`
  MODIFY `id` bigint(20) UNSIGNED NOT NULL AUTO_INCREMENT;

--
-- AUTO_INCREMENT for table `categories`
--
ALTER TABLE `categories`
  MODIFY `id` bigint(20) UNSIGNED NOT NULL AUTO_INCREMENT, AUTO_INCREMENT=11;

--
-- AUTO_INCREMENT for table `companies`
--
ALTER TABLE `companies`
  MODIFY `id` bigint(20) UNSIGNED NOT NULL AUTO_INCREMENT, AUTO_INCREMENT=10;

--
-- AUTO_INCREMENT for table `company_infos`
--
ALTER TABLE `company_infos`
  MODIFY `id` bigint(20) UNSIGNED NOT NULL AUTO_INCREMENT, AUTO_INCREMENT=2;

--
-- AUTO_INCREMENT for table `currencies`
--
ALTER TABLE `currencies`
  MODIFY `id` bigint(20) UNSIGNED NOT NULL AUTO_INCREMENT, AUTO_INCREMENT=4;

--
-- AUTO_INCREMENT for table `customer_groups`
--
ALTER TABLE `customer_groups`
  MODIFY `id` bigint(20) UNSIGNED NOT NULL AUTO_INCREMENT, AUTO_INCREMENT=4;

--
-- AUTO_INCREMENT for table `deductions`
--
ALTER TABLE `deductions`
  MODIFY `id` bigint(20) UNSIGNED NOT NULL AUTO_INCREMENT;

--
-- AUTO_INCREMENT for table `employers`
--
ALTER TABLE `employers`
  MODIFY `id` bigint(20) UNSIGNED NOT NULL AUTO_INCREMENT;

--
-- AUTO_INCREMENT for table `employer_categories`
--
ALTER TABLE `employer_categories`
  MODIFY `id` bigint(20) UNSIGNED NOT NULL AUTO_INCREMENT;

--
-- AUTO_INCREMENT for table `expenses`
--
ALTER TABLE `expenses`
  MODIFY `id` bigint(20) UNSIGNED NOT NULL AUTO_INCREMENT, AUTO_INCREMENT=2;

--
-- AUTO_INCREMENT for table `expenses_categories`
--
ALTER TABLE `expenses_categories`
  MODIFY `id` bigint(20) UNSIGNED NOT NULL AUTO_INCREMENT, AUTO_INCREMENT=5;

--
-- AUTO_INCREMENT for table `expenses_old`
--
ALTER TABLE `expenses_old`
  MODIFY `id` bigint(20) UNSIGNED NOT NULL AUTO_INCREMENT, AUTO_INCREMENT=2;

--
-- AUTO_INCREMENT for table `failed_jobs`
--
ALTER TABLE `failed_jobs`
  MODIFY `id` bigint(20) UNSIGNED NOT NULL AUTO_INCREMENT;

--
-- AUTO_INCREMENT for table `inventorys`
--
ALTER TABLE `inventorys`
  MODIFY `id` bigint(20) UNSIGNED NOT NULL AUTO_INCREMENT, AUTO_INCREMENT=6;

--
-- AUTO_INCREMENT for table `inventory_details`
--
ALTER TABLE `inventory_details`
  MODIFY `id` bigint(20) NOT NULL AUTO_INCREMENT, AUTO_INCREMENT=9;

--
-- AUTO_INCREMENT for table `journals`
--
ALTER TABLE `journals`
  MODIFY `id` bigint(20) UNSIGNED NOT NULL AUTO_INCREMENT, AUTO_INCREMENT=51;

--
-- AUTO_INCREMENT for table `journal_details`
--
ALTER TABLE `journal_details`
  MODIFY `id` bigint(20) UNSIGNED NOT NULL AUTO_INCREMENT, AUTO_INCREMENT=235;

--
-- AUTO_INCREMENT for table `migrations`
--
ALTER TABLE `migrations`
  MODIFY `id` int(10) UNSIGNED NOT NULL AUTO_INCREMENT, AUTO_INCREMENT=50;

--
-- AUTO_INCREMENT for table `payments`
--
ALTER TABLE `payments`
  MODIFY `id` bigint(20) UNSIGNED NOT NULL AUTO_INCREMENT, AUTO_INCREMENT=18;

--
-- AUTO_INCREMENT for table `permissions`
--
ALTER TABLE `permissions`
  MODIFY `id` bigint(20) UNSIGNED NOT NULL AUTO_INCREMENT, AUTO_INCREMENT=76;

--
-- AUTO_INCREMENT for table `personal_access_tokens`
--
ALTER TABLE `personal_access_tokens`
  MODIFY `id` bigint(20) UNSIGNED NOT NULL AUTO_INCREMENT;

--
-- AUTO_INCREMENT for table `pos_settings`
--
ALTER TABLE `pos_settings`
  MODIFY `id` bigint(20) UNSIGNED NOT NULL AUTO_INCREMENT, AUTO_INCREMENT=2;

--
-- AUTO_INCREMENT for table `products`
--
ALTER TABLE `products`
  MODIFY `id` bigint(20) UNSIGNED NOT NULL AUTO_INCREMENT, AUTO_INCREMENT=38;

--
-- AUTO_INCREMENT for table `product_units`
--
ALTER TABLE `product_units`
  MODIFY `id` bigint(20) UNSIGNED NOT NULL AUTO_INCREMENT, AUTO_INCREMENT=104;

--
-- AUTO_INCREMENT for table `purchases`
--
ALTER TABLE `purchases`
  MODIFY `id` bigint(20) UNSIGNED NOT NULL AUTO_INCREMENT, AUTO_INCREMENT=14;

--
-- AUTO_INCREMENT for table `purchase_details`
--
ALTER TABLE `purchase_details`
  MODIFY `id` bigint(20) UNSIGNED NOT NULL AUTO_INCREMENT, AUTO_INCREMENT=64;

--
-- AUTO_INCREMENT for table `representatives`
--
ALTER TABLE `representatives`
  MODIFY `id` bigint(20) UNSIGNED NOT NULL AUTO_INCREMENT, AUTO_INCREMENT=2;

--
-- AUTO_INCREMENT for table `rewards`
--
ALTER TABLE `rewards`
  MODIFY `id` bigint(20) UNSIGNED NOT NULL AUTO_INCREMENT;

--
-- AUTO_INCREMENT for table `roles`
--
ALTER TABLE `roles`
  MODIFY `id` bigint(20) UNSIGNED NOT NULL AUTO_INCREMENT, AUTO_INCREMENT=7;

--
-- AUTO_INCREMENT for table `salary_docs`
--
ALTER TABLE `salary_docs`
  MODIFY `id` bigint(20) UNSIGNED NOT NULL AUTO_INCREMENT;

--
-- AUTO_INCREMENT for table `salary_doc_details`
--
ALTER TABLE `salary_doc_details`
  MODIFY `id` bigint(20) UNSIGNED NOT NULL AUTO_INCREMENT;

--
-- AUTO_INCREMENT for table `sales`
--
ALTER TABLE `sales`
  MODIFY `id` bigint(20) UNSIGNED NOT NULL AUTO_INCREMENT, AUTO_INCREMENT=20;

--
-- AUTO_INCREMENT for table `sale_details`
--
ALTER TABLE `sale_details`
  MODIFY `id` bigint(20) UNSIGNED NOT NULL AUTO_INCREMENT, AUTO_INCREMENT=23;

--
-- AUTO_INCREMENT for table `system_settings`
--
ALTER TABLE `system_settings`
  MODIFY `id` bigint(20) UNSIGNED NOT NULL AUTO_INCREMENT, AUTO_INCREMENT=3;

--
-- AUTO_INCREMENT for table `tax_excise`
--
ALTER TABLE `tax_excise`
  MODIFY `id` int(11) NOT NULL AUTO_INCREMENT, AUTO_INCREMENT=6;

--
-- AUTO_INCREMENT for table `tax_rates`
--
ALTER TABLE `tax_rates`
  MODIFY `id` bigint(20) UNSIGNED NOT NULL AUTO_INCREMENT, AUTO_INCREMENT=6;

--
-- AUTO_INCREMENT for table `units`
--
ALTER TABLE `units`
  MODIFY `id` bigint(20) UNSIGNED NOT NULL AUTO_INCREMENT, AUTO_INCREMENT=10;

--
-- AUTO_INCREMENT for table `update_quntities`
--
ALTER TABLE `update_quntities`
  MODIFY `id` bigint(20) UNSIGNED NOT NULL AUTO_INCREMENT, AUTO_INCREMENT=2;

--
-- AUTO_INCREMENT for table `update_quntity_details`
--
ALTER TABLE `update_quntity_details`
  MODIFY `id` bigint(20) UNSIGNED NOT NULL AUTO_INCREMENT, AUTO_INCREMENT=3;

--
-- AUTO_INCREMENT for table `users`
--
ALTER TABLE `users`
  MODIFY `id` bigint(20) UNSIGNED NOT NULL AUTO_INCREMENT, AUTO_INCREMENT=4;

--
-- AUTO_INCREMENT for table `user_groups`
--
ALTER TABLE `user_groups`
  MODIFY `id` bigint(20) UNSIGNED NOT NULL AUTO_INCREMENT;

--
-- AUTO_INCREMENT for table `vendor_movements`
--
ALTER TABLE `vendor_movements`
  MODIFY `id` bigint(20) UNSIGNED NOT NULL AUTO_INCREMENT, AUTO_INCREMENT=50;

--
-- AUTO_INCREMENT for table `visits`
--
ALTER TABLE `visits`
  MODIFY `id` bigint(20) UNSIGNED NOT NULL AUTO_INCREMENT;

--
-- AUTO_INCREMENT for table `warehouses`
--
ALTER TABLE `warehouses`
  MODIFY `id` bigint(20) UNSIGNED NOT NULL AUTO_INCREMENT, AUTO_INCREMENT=3;

--
-- AUTO_INCREMENT for table `warehouse_movements`
--
ALTER TABLE `warehouse_movements`
  MODIFY `id` bigint(20) NOT NULL AUTO_INCREMENT, AUTO_INCREMENT=82;

--
-- AUTO_INCREMENT for table `warehouse_products`
--
ALTER TABLE `warehouse_products`
  MODIFY `id` bigint(20) UNSIGNED NOT NULL AUTO_INCREMENT, AUTO_INCREMENT=61;

--
-- Constraints for dumped tables
--

--
-- Constraints for table `role_has_permissions`
--
ALTER TABLE `role_has_permissions`
  ADD CONSTRAINT `role_has_permissions_permission_id_foreign` FOREIGN KEY (`permission_id`) REFERENCES `permissions` (`id`) ON DELETE CASCADE,
  ADD CONSTRAINT `role_has_permissions_role_id_foreign` FOREIGN KEY (`role_id`) REFERENCES `roles` (`id`) ON DELETE CASCADE;
COMMIT;

/*!40101 SET CHARACTER_SET_CLIENT=@OLD_CHARACTER_SET_CLIENT */;
/*!40101 SET CHARACTER_SET_RESULTS=@OLD_CHARACTER_SET_RESULTS */;
/*!40101 SET COLLATION_CONNECTION=@OLD_COLLATION_CONNECTION */;
